country,year,gini_index,average_income_usd,top_10percent_income_share_percent,bottom_10percent_income_share_percent,income_group,crude_birth_rate,crude_death_rate,natural_increase_rate,life_expectancy,infant_mortality,pop_growth,hiv_prevalence,infectious_disease_rate,noncommunicable_disease_rate,gdp_per_capita,trade_percent_gdp,population,dtm_stage,etm_stage
AUS,2000,0.3966057546573382,36454.68677470515,49.3794522048329,4.722631334448369,Upper Middle Income,13.0,6.7,6.3,79.2341463414634,5.1,1.14447285147721,760.0,6.615894683,16.0,21909.0,40.86,189245873,4,5
AUS,2001,0.2694686693726962,16528.542712958762,27.71864477017237,3.45658788661336,Upper Middle Income,12.7,6.6,6.1,79.6341463414634,5.0,1.28396809127349,810.0,5.806005485,9.6,19733.65,44.13,226136418,4,5
AUS,2002,0.5207147319526648,63372.58813609752,49.50612915336982,3.231760882178348,High Income,12.8,6.8,6.0,79.9365853658537,4.9,1.1375387361946,850.0,5.513234469,15.0,20335.1,41.38,340237597,4,5
AUS,2003,0.2854947219937822,4642.120003027301,50.51114546345033,1.7320798003605828,Low Income,12.6,6.6,6.0,80.2390243902439,4.9,1.15019273319182,890.0,5.435313943,9.1,23757.59,40.13,206615078,4,5
AUS,2004,0.4612725194063172,2029.9585544845377,20.593577721700985,1.7771066629765593,Lower Middle Income,12.3,6.5,5.8,80.490243902439,4.8,1.06919812205752,930.0,5.130001635,8.9,30886.05,36.95,152850316,4,5
AUS,2005,0.2725678641661558,12318.06632157042,41.12006796995048,4.286371232209948,Upper Middle Income,12.8,6.4,6.4,80.8414634146341,4.8,1.21729073052406,950.0,4.825447431,8.7,34535.21,39.1,115913633,4,5
AUS,2006,0.5843554172710759,22830.257669962564,50.041920245592024,1.205002445283471,Upper Middle Income,12.9,6.4,6.5,81.0414634146342,4.7,1.34945083098893,980.0,4.910580817,8.4,36658.82,41.49,229983858,4,5
AUS,2007,0.4027292815432317,34245.47201898592,25.00781206180568,1.0622851922978618,Lower Middle Income,14.1,6.7,7.4,81.2926829268293,4.5,1.82499679529254,990.0,5.052105545,10.7,41128.25,41.93,116089246,4,5
AUS,2008,0.5386768509895581,19528.131138558372,51.33976936530634,4.406189227266758,Lower Middle Income,14.0,6.7,7.3,81.3951219512195,4.4,2.00391140524272,1000.0,4.956033776,12.8,49811.21,42.75,169127817,4,5
AUS,2009,0.382686409603907,37409.60985851709,48.90420982074439,1.7050267325664938,Lower Middle Income,13.9,6.5,7.4,81.5439024390244,4.2,2.06083316277243,1000.0,5.344341139,10.1,42954.85,45.59,295266806,4,5
AUS,2010,0.5375345175349674,16122.6499621226,51.36709639043814,1.032336286134944,High Income,13.7,6.5,7.2,81.6951219512195,4.0,1.55570626204128,1000.0,5.395861133,7.7,52313.89,40.39,197597584,4,5
AUS,2011,0.5470670662205206,8680.683929016803,51.96124232518269,4.382864862934214,Upper Middle Income,13.6,6.6,7.0,81.8951219512195,3.8,1.38952731561803,1000.0,5.821102393,11.9,62799.39,41.72,115860572,4,5
AUS,2012,0.6396076891135825,27374.494040648024,41.608167168094354,3.2347396100025008,High Income,13.7,6.6,7.1,82.0463414634146,3.6,1.74582000067359,1000.0,5.809954622,11.3,68301.44,43.02,68425445,4,5
AUS,2013,0.3550411320152428,21609.62497029085,31.02262749452542,1.4223279818302874,High Income,13.3,6.4,6.9,82.1487804878049,3.5,1.721151439989,980.0,5.896634018,9.4,68476.68,41.1,118591712,4,5
AUS,2014,0.3699148809982805,14226.549577044454,46.24322178141702,1.0982276867575185,Upper Middle Income,13.2,6.6,6.6,82.3,3.4,1.49156648912847,950.0,5.978974604,11.3,62817.21,42.3,191582727,4,5
AUS,2015,0.6023452343071939,50289.67825253945,41.54370358460787,1.2718992280371435,High Income,12.9,6.6,6.3,82.4,3.3,1.43921665259925,920.0,5.90066291,7.3,56970.36,41.49,292367359,4,5
AUS,2016,0.2818099283054112,18456.74366795024,21.634844259354907,2.844728263007737,High Income,12.9,6.6,6.3,82.4487804878049,3.2,1.56194049810399,880.0,5.928922082,10.9,50084.44,40.81,79837839,4,5
AUS,2017,0.3741291909669653,56274.087034937285,32.43834815140154,1.5599318038205614,Low Income,12.6,6.5,6.1,82.5,3.2,1.64682779735017,840.0,5.628509571,8.7,54117.55,42.04,215793884,4,5
AUS,2018,0.237122425470841,69210.93503292602,55.20001863480922,3.1765685612718335,High Income,12.6,6.3,6.3,82.7487804878049,3.2,1.49599671041328,790.0,5.353110927,6.9,57410.17,43.57,239216253,4,5
AUS,2019,0.6386324620188788,19651.661423827485,40.58815137709094,3.658050325127805,High Income,12.1,6.7,5.4,82.9,3.2,1.47749071058438,730.0,5.293545524,9.0,55194.76,46.0,331685648,4,5
AUS,2020,0.6397559967263522,33039.43141037348,46.868913638572984,2.1714097055924717,Low Income,11.5,6.3,5.2,83.2,3.2,1.23342825131378,660.0,5.138639481,8.3,51983.45,44.5,228427621,4,5
AUS,2021,0.4872777696254009,2811.252964073268,36.649891889712336,4.424334743647531,Lower Middle Income,12.1,6.7,5.4,83.3,3.2,0.14089508329287,580.0,4.325178745,6.6,60758.9,40.2,344776267,4,5
AUS,2022,0.3412712090920658,57899.97325883436,30.488875956567338,2.430793975677324,High Income,11.6,7.3,4.3,83.2,3.2,1.28931130985537,500.0,3.595333967,6.6,65169.52,45.69,336378626,4,5
AUS,2023,0.5510145540425404,50265.446082508475,52.815164584398104,4.216353541384228,Upper Middle Income,10.8,6.9,3.9,83.0512195121951,3.1,2.43450716351535,500.0,2.332995566,6.6,65058.38,49.04,210300248,4,5
BRA,2000,0.5445851416650389,18954.395103530227,51.13898550938332,2.998855032795112,Lower Middle Income,19.879,6.248,13.631,69.584,29.1,1.37521128317928,26000.0,68.64622899,24.8,3766.55,22.64,93525256,3,5
BRA,2001,0.4157192504535987,19002.94775007284,27.728401966719595,3.7856414575967263,Lower Middle Income,19.185,6.189,12.996,69.98,27.3,1.30335503159977,25000.0,66.43235075,20.4,3176.29,26.94,137409895,3,5
BRA,2002,0.4187259052502932,47250.5352506234,49.891921872148714,2.2728378671840224,High Income,18.49,6.126,12.364,70.396,25.5,1.24142062598122,24000.0,65.96649073,23.7,2855.94,27.62,219377972,3,5
BRA,2003,0.2965472390242214,67807.97939449183,25.47407711510691,3.0008077391481067,High Income,17.819,6.033,11.786,70.884,23.9,1.18021395482771,25000.0,67.03580722,16.1,3090.61,28.14,260193288,3,5
BRA,2004,0.2365968459466682,31560.71793389259,36.63824391411922,3.832267619210345,Low Income,17.5,5.96,11.54,71.361,22.4,1.12991417032023,27000.0,69.5802406,23.3,3663.82,29.68,10134125,3,5
BRA,2005,0.5997601757360022,22658.905638655822,23.379108746287542,4.832540865236556,Low Income,17.176,5.896,11.28,71.832,21.0,1.09590612526605,29000.0,71.49637899,22.2,4827.78,27.09,335779016,3,5
BRA,2006,0.5006260017681718,3541.0455993330593,32.752528516460366,3.058232526552784,High Income,16.691,5.836,10.855,72.296,19.7,1.05833842529955,34000.0,72.18568475,15.1,5934.15,26.04,85174058,3,5
BRA,2007,0.4510875340021527,16544.705305522744,25.124672601319823,1.7939086529432426,Lower Middle Income,16.243,5.793,10.45,72.73,18.6,1.01236820635667,38000.0,72.50563494,14.8,7409.69,25.29,321507436,3,5
BRA,2008,0.5316441457095018,50266.48328839037,50.47689323029913,4.51285982542438,Low Income,15.801,5.778,10.023,73.111,17.6,0.957984635895359,43000.0,71.39691466,14.8,8908.33,27.26,160642132,3,5
BRA,2009,0.6106190039871481,65707.14020251855,33.40073742875409,1.1418685057872553,High Income,15.564,5.784,9.78,73.457,16.7,0.895632239477021,47000.0,69.12704959,14.4,8678.66,22.11,281958236,3,5
BRA,2010,0.3084191670148222,34696.16829062319,55.95739344985641,3.363712161212098,High Income,15.338,5.801,9.537,73.779,16.0,0.84088322514573,51000.0,65.95195813,17.4,11403.28,22.77,287120431,3,5
BRA,2011,0.2993207020014585,48859.68171359443,38.46982366959979,4.303664434747288,Low Income,15.141,5.843,9.298,74.047,15.3,0.81381388423754,55000.0,61.86483883,20.6,13396.63,23.93,5493471,3,5
BRA,2012,0.4428344597656195,51210.44644377562,30.477061573491344,2.156946732174414,High Income,14.935,5.881,9.054,74.335,14.8,0.811598483382088,59000.0,59.7318551,20.1,12521.72,25.11,229640099,4,5
BRA,2013,0.5657091167579151,8456.357104593073,29.515674240020573,4.043751301536037,Upper Middle Income,14.785,5.924,8.861,74.609,14.4,0.810511647523289,62000.0,61.03989038,13.6,12458.89,25.79,148172053,4,5
BRA,2014,0.2655965275425412,18722.283850146687,42.463474812339626,4.883253363209623,Upper Middle Income,14.784,5.998,8.786,74.823,14.0,0.806314177734439,65000.0,63.39031596,16.1,12274.99,24.69,305714714,4,5
BRA,2015,0.2705699988306125,60340.78511061643,24.80710480131675,1.669380284334144,Low Income,14.684,6.045,8.639,75.106,13.7,0.791721773592796,67000.0,62.9587639,19.3,8936.2,26.95,275874032,4,5
BRA,2016,0.3018105627258173,6883.005893971571,47.04410734016486,3.764717138863666,Upper Middle Income,14.146,6.226,7.92,75.081,14.6,0.761972670496742,68000.0,63.64146211,19.5,8836.29,24.53,329733049,4,5
BRA,2017,0.4181464656415989,33031.194236983254,52.8254011895648,1.4204240261762342,Lower Middle Income,14.123,6.256,7.867,75.383,13.3,0.72824666001736,69000.0,61.02472942,12.8,10080.51,24.32,306824701,4,5
BRA,2018,0.3404321143275844,20999.40202280053,46.94831000898215,1.055415962318888,High Income,14.022,6.337,7.685,75.633,13.1,0.683439571425594,69000.0,62.3322043,15.4,9300.66,28.88,69902271,4,5
BRA,2019,0.4891704413177203,9324.442693061075,47.28692073858297,2.9165593514015606,High Income,13.548,6.452,7.096,75.809,13.0,0.651994346081362,68000.0,64.6329767,18.0,9029.83,28.89,329453120,4,5
BRA,2020,0.445538893670504,49528.46810407515,56.41708291160929,1.3223859344091458,Low Income,12.995,7.502,5.493,74.506,12.8,0.579350709708032,66000.0,84.8816635,12.0,7074.19,32.3,195057228,4,5
BRA,2021,0.2552253720184509,10839.879169555648,39.64864887988186,3.66841972724513,Upper Middle Income,12.754,8.366,4.388,73.038,12.7,0.425360907216456,64000.0,127.9902622,12.0,7972.54,37.66,6604029,4,5
BRA,2022,0.5825266414229948,54914.81217010628,42.08188594856482,3.1767848078302463,Upper Middle Income,12.555,7.539,5.016,74.872,12.6,0.360180890872169,62000.0,103.9680914,12.0,9281.33,38.82,158300830,4,5
BRA,2023,0.3313612622584283,48429.067558333554,36.768042835394446,1.966355574503524,Low Income,12.322,7.077,5.245,75.848,12.5,0.395928695574996,58000.0,66.91036058,12.0,10377.59,33.67,56450840,4,5
CAN,2000,0.4822867346412329,28135.961878946186,31.652145072543657,1.0337124720736206,Lower Middle Income,10.7,7.1,3.6,79.1668292682927,5.3,0.931281553452429,2500.0,8.987356264,11.3,24271.0,82.77,18836823,4,5
CAN,2001,0.4557417993694589,13457.078143432143,29.75367807236252,2.6234359025129175,Upper Middle Income,10.8,7.1,3.7,79.3980487804878,5.3,1.0861994547665,2500.0,9.543357826,11.1,23822.1,78.34,315328498,4,5
CAN,2002,0.628327914975521,63847.12406043028,20.731144562414627,2.5367269154373924,Low Income,10.5,7.1,3.4,79.5307317073171,5.3,1.08479328329522,2500.0,9.963341791,13.8,24256.02,75.71,172800691,4,5
CAN,2003,0.597504589021771,28468.647398438017,50.032298703509476,3.6511155083547986,Upper Middle Income,10.6,7.1,3.5,79.7151219512195,5.3,0.899226809998674,2500.0,10.26440152,10.8,28301.86,69.84,5843971,4,5
CAN,2004,0.556762986939209,65351.44409563274,53.25439266945557,1.5210827108345368,Low Income,10.6,7.1,3.5,79.9921951219512,5.3,0.932186964148048,2500.0,10.34215741,15.9,32145.54,70.19,109152316,4,5
CAN,2005,0.2499251079872346,69269.50529783007,50.144723815370085,3.4693645928542183,Upper Middle Income,10.7,7.1,3.6,80.1126829268293,5.2,0.94708626967041,2400.0,11.17144004,15.3,36383.66,69.76,114104969,4,5
CAN,2006,0.2554163458743482,6363.645561721035,38.337000135486306,4.408285734752768,Low Income,11.0,7.0,4.0,80.5436585365854,5.2,1.01355939144957,2400.0,11.20822066,12.3,40504.04,68.05,109345217,4,5
CAN,2007,0.5606190575267025,60260.851350449375,50.09734984326336,2.971443181643492,High Income,11.3,7.2,4.1,80.5436585365854,5.1,0.970654173316653,2400.0,11.39831924,9.8,44660.08,66.28,132096621,4,5
CAN,2008,0.2626980315113597,25610.244538545456,52.0000880409726,4.24143033894189,Upper Middle Income,11.5,7.2,4.3,80.7246341463415,5.1,1.083871149194,2400.0,11.89834563,9.6,46710.25,67.02,199424293,4,5
CAN,2009,0.6112608592377659,40847.04173397263,58.801939928342534,2.388659174100394,High Income,11.4,7.1,4.3,81.0660975609756,5.0,1.14470768476526,2300.0,12.05524387,13.8,40874.88,58.47,102520535,4,5
CAN,2010,0.5055166151913155,20827.981411876313,57.347791636985825,4.386775561116418,Upper Middle Income,11.2,7.1,4.1,81.3221951219512,5.0,1.11135202971694,2100.0,11.38250298,11.1,47560.67,60.21,309071604,4,5
CAN,2011,0.2209616817754617,57150.91545397202,39.210940008541094,1.4453895342229162,High Income,11.0,7.1,3.9,81.4826829268293,4.9,0.97540725097113,2000.0,11.3317129,12.9,52223.86,62.5,154456583,4,5
CAN,2012,0.4289982846282165,26851.011100836993,29.352364847506813,3.812348827525305,Low Income,11.0,7.1,3.9,81.6636585365854,4.8,1.08374652233653,1900.0,11.46628415,12.7,52670.34,62.6,259463548,4,5
CAN,2013,0.3511673578466221,34804.02298104418,31.71467034062107,2.3971158642690784,Lower Middle Income,10.9,7.2,3.7,81.7448780487805,4.8,1.05338098055318,1800.0,11.1419004,8.6,52638.12,62.23,270747243,4,5
CAN,2014,0.536855160736982,51959.68122334107,49.6413400061968,3.380079857847188,Lower Middle Income,10.9,7.3,3.6,81.7843902439025,4.7,1.00142284689661,1800.0,11.5108646,12.4,50960.84,64.38,269705027,4,5
CAN,2015,0.4245419079159085,27377.362092687792,47.43286381170933,3.1434368778967716,Lower Middle Income,10.7,7.4,3.3,81.8258536585366,4.7,0.760300145238936,1900.0,11.31237425,10.4,43594.19,66.16,274454947,4,5
CAN,2016,0.6314317874398805,52644.26844969445,56.82262252405985,1.1118212108279923,Upper Middle Income,10.6,7.4,3.2,81.94,4.6,1.13153974027004,1900.0,12.00389721,10.4,42314.06,65.36,311642483,4,5
CAN,2017,0.2002849402546165,2784.3560540558633,55.74639542635513,2.181300301013734,High Income,10.3,7.6,2.7,81.8129268292683,4.6,1.19543575451553,1900.0,12.26457666,11.9,45129.63,65.1,17711160,4,5
CAN,2018,0.4725529734320269,57427.89030486615,33.68035722463392,2.631023015123421,High Income,10.1,7.7,2.4,81.8087804878049,4.5,1.43322615679352,2000.0,12.58051758,11.7,46539.18,66.6,296826011,4,5
CAN,2019,0.2677474678607103,28234.91477508495,27.651725889632747,1.1435665189009647,Lower Middle Income,9.9,7.6,2.3,82.1636585365854,4.5,1.46171259938134,1900.0,12.26644467,9.6,46352.87,66.17,199562384,4,5
CAN,2020,0.6322099066316224,47427.29053248545,24.40448996569732,4.7793680658441495,Upper Middle Income,9.5,8.1,1.4,81.5351219512195,4.5,1.08436897113225,1600.0,16.65173521,8.2,43537.84,61.16,277633294,4,5
CAN,2021,0.2780411396116197,11049.979618914727,30.62513710475253,4.381725660324962,High Income,9.7,8.2,1.5,81.5168292682927,4.5,0.553902422386893,1700.0,13.58173958,7.7,52886.66,62.25,177416741,4,5
CAN,2022,0.585071055821822,69448.55412666893,48.80692256319048,3.621149226269168,High Income,9.0,8.6,0.4,81.2453658536585,4.5,1.80390457488184,1900.0,14.63701438,7.7,56256.8,67.32,145020118,4,5
CAN,2023,0.5381623903667112,30888.366200064764,35.59024822161099,3.14257740106227,High Income,8.8,8.1,0.7,81.6465853658537,4.4,2.90468017061162,1900.0,11.78478665,7.7,54220.33,66.63,330839157,4,5
CHN,2000,0.3199036164919988,65663.80216663209,23.24210236212894,3.4462456095368443,Lower Middle Income,14.03,6.45,7.58,72.288,30.0,0.787956592953992,55043.791666666664,55.67273811,19.7,969.2,39.01,73880810,4,5
CHN,2001,0.3129374139378309,18800.31756940168,42.32075153230765,4.403082180591977,Upper Middle Income,13.38,6.43,6.95,72.675,27.8,0.726380637838525,55043.791666666664,52.38762467,23.8,1065.41,38.08,110954710,4,5
CHN,2002,0.4453072088646902,30826.887083936206,49.79399130591423,3.361080133800592,Lower Middle Income,12.86,6.41,6.45,73.034,25.6,0.669999567758626,55043.791666666664,49.76936749,23.6,1163.56,42.19,247377146,4,5
CHN,2003,0.5555309422788366,44309.003884874524,58.66011652177205,2.3282812192572666,Lower Middle Income,12.41,6.4,6.01,73.385,23.5,0.622860936133583,55043.791666666664,47.0546958,23.5,1306.97,51.08,70601778,4,5
CHN,2004,0.5417184728918493,7198.585297967813,55.198278263458334,4.637629133570382,Lower Middle Income,12.29,6.42,5.87,73.727,21.3,0.593932815112141,55043.791666666664,44.65178469,23.3,1530.93,58.64,198087536,4,5
CHN,2005,0.2798411357431638,10490.416909441155,33.126141893380975,4.237547883933342,High Income,12.4,6.51,5.89,74.085,19.4,0.588124989556992,55043.791666666664,41.97075905,26.9,1777.64,61.36,93908239,4,5
CHN,2006,0.3478426122076076,62253.09177699735,28.671928164754306,1.146485174483276,Low Income,12.09,6.81,5.28,74.404,17.7,0.558374367373002,55043.791666666664,39.61522002,16.5,2129.26,63.57,237375638,4,5
CHN,2007,0.5824815738839111,54892.24392332402,46.49353854995035,2.043548351448858,Low Income,12.1,6.93,5.17,74.789,16.1,0.522271866392275,55043.791666666664,37.58134353,15.7,2734.73,61.27,112569945,4,5
CHN,2008,0.3410405057954637,2486.464353870348,35.153672853654214,2.4114360221405824,High Income,12.14,7.06,5.08,74.833,14.8,0.51238693163744,55043.791666666664,37.96963909,20.0,3523.44,56.71,191175403,4,5
CHN,2009,0.2282601686860428,13858.557574410746,53.98652105683296,1.8917896437935575,Lower Middle Income,11.95,7.08,4.87,75.317,13.6,0.497381400884935,55043.791666666664,34.66524566,24.5,3898.24,44.42,234746408,4,5
CHN,2010,0.2918472682953668,60498.31647980859,57.06009721789201,1.929811474695459,Upper Middle Income,11.9,7.11,4.79,75.668,12.5,0.482959688678361,55043.791666666664,33.65973173,24.4,4629.25,49.85,134535180,4,5
CHN,2011,0.2670818515721803,67501.71368271981,38.43074362358189,4.482212999324119,High Income,13.27,7.14,6.13,75.889,11.5,0.546457594880274,55043.791666666664,32.50723581,24.1,5703.76,49.95,34074019,4,5
CHN,2012,0.4259339499133185,12703.493231644745,50.22999377796639,2.9796302682657996,High Income,14.57,7.13,7.44,76.2,10.5,0.678345458846803,55043.791666666664,31.70615084,13.2,6405.06,47.48,277454278,4,5
CHN,2013,0.2926118219682245,40540.40196287789,56.28868344603419,3.584451848418664,Low Income,13.03,7.13,5.9,76.452,9.7,0.666072977690069,55043.791666666664,29.78556947,12.8,7147.04,45.92,211803935,4,5
CHN,2014,0.3688284661870891,41977.56455262696,55.74187426785255,4.724905462136639,Upper Middle Income,13.83,7.12,6.71,76.714,8.9,0.630326389541893,55043.791666666664,28.11472953,22.4,7781.07,44.07,244804329,4,5
CHN,2015,0.2337405023997716,68241.13378639796,41.39288106615128,4.366152295082242,High Income,11.99,7.07,4.92,76.975,8.2,0.581456146657648,55043.791666666664,26.14898373,12.1,8175.33,38.7,313406296,4,5
CHN,2016,0.3281294194898375,59246.4637745564,41.638880965070506,2.6615391013783465,Lower Middle Income,13.57,7.04,6.53,77.214,7.6,0.573050906069647,55043.791666666664,24.77920025,21.7,8254.87,36.18,161625118,4,5
CHN,2017,0.5764539116486855,11445.85761204629,54.96094679785723,2.2505687523527205,High Income,12.64,7.06,5.58,77.235,7.0,0.605245013482969,55043.791666666664,23.68368781,16.5,8979.68,36.95,193192330,4,5
CHN,2018,0.311396476298486,4608.769473491415,29.27633561602335,4.390487943659988,Upper Middle Income,10.86,7.08,3.78,77.709,6.4,0.467672053461959,55043.791666666664,21.95719093,20.7,10085.66,36.89,254199787,4,5
CHN,2019,0.3360617052851177,24731.172291157705,36.47952667531536,3.797443374608388,Upper Middle Income,10.41,7.09,3.32,77.94,6.0,0.354740890170827,55043.791666666664,21.08059247,11.6,10342.9,35.2,213945562,4,5
CHN,2020,0.4809514322914009,35506.046876566164,33.769664875268,1.7089847995841776,High Income,8.52,7.07,1.45,78.019,5.5,0.238040870229883,55043.791666666664,19.82301299,20.5,10627.46,34.04,343855053,4,5
CHN,2021,0.2486405821741503,1731.9685431208254,39.68204488145773,1.9040882258092409,Lower Middle Income,7.52,7.18,0.34,78.117,5.1,0.0892522000412526,55043.791666666664,20.93228842,11.6,12887.44,36.52,210149205,4,5
CHN,2022,0.5000144488463243,55280.756958598184,41.259617647424136,4.07531887629002,Low Income,6.77,7.37,-0.6,78.202,4.8,-0.0130995013525784,55043.791666666664,18.29682024,11.6,12970.61,37.44,103999127,4,5
CHN,2023,0.49134387670606,36335.3235525901,42.02915333823896,1.7129493204429416,Upper Middle Income,6.39,7.87,-1.48,77.953,4.5,-0.103794531589067,55043.791666666664,16.25106524,11.6,12951.18,36.11,251205373,4,5
DEU,2000,0.6017790932640162,39127.44123236965,39.34768493123828,2.4777437770917596,Upper Middle Income,9.3,10.2,-0.9,77.9268292682927,4.4,0.135431600393084,2600.0,6.731067852,16.1,23925.86,59.2,226889922,4,5
DEU,2001,0.3145061156810922,51328.0411855075,25.88310425665203,3.386175465682432,High Income,8.9,10.1,-1.2,78.3292682926829,4.3,0.168225361337335,2600.0,6.315576622,10.8,23878.36,59.56,72413433,4,5
DEU,2002,0.6308357462979612,48330.94226192313,49.33413223767672,3.6573301861555794,High Income,8.7,10.2,-1.5,78.2292682926829,4.2,0.168128319406931,2600.0,6.206043214,19.9,25486.59,58.33,270637826,4,5
DEU,2003,0.3431940276994311,4875.363755703037,51.85116834093715,2.3228608413900345,Upper Middle Income,8.6,10.3,-1.7,78.3804878048781,4.1,0.0553633035873241,2600.0,5.981987723,19.6,30711.1,58.91,164760421,4,5
DEU,2004,0.4010468963889896,67400.62312572148,47.11042884872633,2.159661701138495,High Income,8.6,9.9,-1.3,78.6804878048781,4.0,-0.021709727650009,2600.0,5.781055043,14.4,34566.74,62.91,211295649,4,5
DEU,2005,0.6371924900384944,69381.27242316821,35.15260957210643,4.483976202729918,Low Income,8.3,10.1,-1.8,78.9317073170732,3.9,-0.0567782618352031,2600.0,5.67328712,14.0,35084.44,66.95,231798922,4,5
DEU,2006,0.4972560464022636,15930.29786510232,57.33128078829261,1.1721822190192102,Upper Middle Income,8.2,10.0,-1.8,79.1317073170732,3.8,-0.112797497644931,2600.0,5.600250453,9.6,36980.33,72.76,52205589,4,5
DEU,2007,0.5502874329713913,14623.96151949905,51.78730566519266,3.1525876358227523,Upper Middle Income,8.3,10.1,-1.8,79.5341463414634,3.7,-0.133718572600486,2600.0,5.498463341,13.5,42350.92,74.88,220470684,4,5
DEU,2008,0.4505653350717344,41058.55851748752,34.280762506207914,4.951110311320862,High Income,8.3,10.3,-2.0,79.7365853658537,3.6,-0.190142844695674,2600.0,5.528329991,17.0,46379.16,76.11,216296778,4,5
DEU,2009,0.5654927995964398,24723.085090532608,54.21689119297068,3.387210396906108,High Income,8.1,10.4,-2.3,79.8365853658537,3.5,-0.253383410163402,2600.0,5.50565814,9.5,42471.89,66.14,149088616,4,5
DEU,2010,0.4346485058104403,57435.894023238594,22.02052846382965,1.4432942497532433,Upper Middle Income,8.3,10.5,-2.2,79.9878048780488,3.5,-0.153198446937304,2600.0,5.389250791,13.0,42396.97,73.89,54373053,4,5
DEU,2011,0.5494227334218416,57912.77730862245,26.86568907521135,1.866316484581364,High Income,8.3,10.6,-2.3,80.4365853658537,3.4,-1.8537146287573,2300.0,5.211129737,12.8,47630.98,78.43,96755642,4,5
DEU,2012,0.4873994473532017,36633.74093791853,50.817271671639695,4.382071012751995,High Income,8.4,10.8,-2.4,80.5390243902439,3.4,0.187727800567293,2400.0,4.941856577,9.2,44718.02,79.33,183243437,4,5
DEU,2013,0.3304047318334266,69704.39163067969,47.520293373111286,2.9690491296522015,High Income,8.5,11.1,-2.6,80.490243902439,3.3,0.272900214681538,2400.0,4.878530985,16.2,47206.84,77.59,134501554,4,5
DEU,2014,0.6440249444666646,51765.80055509289,45.89211055344954,1.2346817486964865,High Income,8.8,10.7,-1.9,81.090243902439,3.3,0.416877359168292,2400.0,4.526081327,9.1,48959.6,76.85,312468439,4,5
DEU,2015,0.4041384945770438,10494.780898970155,39.84316496777734,3.2240935213753583,Low Income,9.0,11.3,-2.3,80.6414634146341,3.3,0.865702643950251,2300.0,4.533928448,15.9,41929.75,77.76,118663831,4,5
DEU,2016,0.2010203333358485,36124.228256778835,58.34889503550891,2.5039346108490377,Lower Middle Income,9.6,11.1,-1.5,80.990243902439,3.3,0.807218538573871,2300.0,4.435974741,15.6,42948.94,76.01,45365130,4,5
DEU,2017,0.4470985614219577,36892.245963059315,28.35756986796882,1.9813443061928075,Lower Middle Income,9.5,11.3,-1.8,80.9926829268293,3.2,0.373724559895838,2100.0,4.207001861,15.2,45553.93,77.45,129972450,4,5
DEU,2018,0.5162917351183464,39487.80076799852,34.44367959667618,3.988734462572031,High Income,9.5,11.5,-2.0,80.8926829268293,3.2,0.300526701992065,2000.0,4.207026822,9.1,48916.17,79.13,104576256,4,5
DEU,2019,0.4611999247242191,25472.399555774657,39.47369899856948,4.444589483214134,Low Income,9.4,11.3,-1.9,81.2926829268293,3.1,0.22551987421288,2100.0,3.965850897,11.8,47656.2,79.07,206814497,4,5
DEU,2020,0.5434176167107962,56354.7294084066,25.833764791439204,2.6920764884936377,Low Income,9.3,11.9,-2.6,81.0414634146342,3.1,0.0816931586494595,1700.0,4.23312966,8.6,47394.87,72.93,209829174,4,5
DEU,2021,0.4382943454255933,48077.80527248554,34.10232171833166,3.5972597672595037,High Income,9.6,12.3,-2.7,80.790243902439,3.1,0.0423270572552137,1700.0,4.45640829,11.6,52349.25,79.92,110871647,3,5
DEU,2022,0.391549623989857,25941.48092575865,41.62226308660468,3.5675857545504144,Low Income,8.8,12.7,-3.9,80.6080487804878,3.1,-0.0219565701848977,1900.0,4.030727833,11.6,50506.52,88.79,82827615,3,5
DEU,2023,0.633543900631536,66369.8511167657,57.80261181235371,4.866636966852529,High Income,8.3,12.3,-4.0,80.5414634146342,3.1,0.131511079477747,2200.0,3.620224929,11.6,54776.77,81.96,146444811,3,5
FRA,2000,0.3615199156044677,17278.133988318594,33.01885797539434,1.310796840946955,High Income,13.3,8.9,4.4,79.0560975609756,4.1,0.686335719566776,5700.0,9.427022474,14.1,22340.59,57.79,335354742,4,5
FRA,2001,0.2507136947915803,54895.961174460695,56.916891744186955,2.616556205500151,High Income,13.1,8.8,4.3,79.1585365853659,3.9,0.7289939490983,5700.0,9.297989514,8.6,22331.79,56.89,231617497,4,5
FRA,2002,0.4509925361383265,1409.140051201739,56.54525447293947,2.7949889835436945,Low Income,12.9,8.8,4.1,79.2609756097561,3.8,0.727033002641047,5700.0,9.280669439,18.9,24144.57,55.13,14269499,4,5
FRA,2003,0.3830247481620227,32313.15178342712,32.5767852703873,1.210542590086428,High Income,12.8,9.1,3.7,79.1146341463415,3.6,0.705638836747311,5500.0,9.236964373,8.5,29479.52,52.6,43261319,4,5
FRA,2004,0.434151367251383,13514.15983518938,31.133550043473104,2.892875302956209,Upper Middle Income,12.8,8.3,4.5,80.1634146341463,3.5,0.732625502527391,5600.0,9.075664048,8.2,33644.93,53.75,12586565,4,5
FRA,2005,0.5337589670151661,1801.4744377172592,26.88484774867352,2.488329950448566,Low Income,12.8,8.5,4.3,80.1634146341463,3.4,0.751885116821619,5500.0,9.166544665,12.7,34696.37,55.82,348053957,4,5
FRA,2006,0.2313313662605445,5320.203506035861,22.515245062342963,4.849661118647775,Lower Middle Income,13.1,8.3,4.8,80.8121951219512,3.3,0.696338574828463,5400.0,9.30639928,8.0,36431.57,57.87,273406644,4,5
FRA,2007,0.441640121016834,20858.429372520495,30.102636343157357,4.429214319366512,Upper Middle Income,12.8,8.3,4.5,81.1121951219512,3.2,0.618225682593305,5100.0,9.301703953,16.7,41486.19,58.15,79131592,4,5
FRA,2008,0.2281329893501976,52162.76730501051,58.52899631060008,4.7153314568710805,Upper Middle Income,12.9,8.5,4.4,81.2146341463415,3.2,0.558020613148126,5100.0,9.603141438,12.0,45464.82,59.18,249046381,4,5
FRA,2009,0.374412034811081,48743.07158454409,49.143489739087805,2.9412661069597,Lower Middle Income,12.8,8.5,4.3,81.4146341463415,3.1,0.513351013325229,5000.0,9.732630086,7.8,41728.09,52.2,8189446,4,5
FRA,2010,0.4193722955734156,3877.5280865752975,27.073063920371816,2.571933126176638,Upper Middle Income,12.9,8.5,4.4,81.6634146341463,3.1,0.492976371032656,5100.0,9.432145392,15.9,40694.82,56.59,259653374,4,5
FRA,2011,0.3895884779507517,29610.25419523449,40.47466959733905,1.3676498298518245,Lower Middle Income,12.7,8.4,4.3,82.1146341463415,3.1,0.482667411007127,4900.0,9.274750623,7.6,43929.78,60.61,56068518,4,5
FRA,2012,0.2837324239116806,38363.024067002785,21.80287059136199,4.014170336530409,Low Income,12.6,8.7,3.9,81.9682926829268,3.1,0.483714919435185,4500.0,9.081494988,7.6,40863.58,61.66,255678781,4,5
FRA,2013,0.6237671618011383,42836.97715668071,38.11259740383242,2.4539030746166475,Low Income,12.4,8.7,3.7,82.219512195122,3.1,0.516915013016667,4300.0,8.882489221,7.5,42669.18,61.82,51139894,4,5
FRA,2014,0.5943713626325529,61182.25955537835,57.92709537471235,1.8794545520950332,Upper Middle Income,12.4,8.4,4.0,82.719512195122,3.1,0.474847846171767,4200.0,8.815784781,11.0,43148.05,62.2,233499000,4,5
FRA,2015,0.2389897733103582,58589.40342987248,38.40088360813555,3.10731574481026,High Income,12.0,8.9,3.1,82.3219512195122,3.2,0.355569240058298,4200.0,8.775810838,14.5,36702.43,63.5,7280546,4,5
FRA,2016,0.4939054145719035,29155.542326200997,49.13297959136493,3.2581054820666693,Low Income,11.8,8.9,2.9,82.5731707317073,3.2,0.263868788565368,4100.0,8.758617647,10.8,37024.22,63.34,268620955,4,5
FRA,2017,0.3412455350378728,66326.3539888564,35.79342112935962,2.5852653584852043,High Income,11.5,9.1,2.4,82.5756097560976,3.3,0.29020211635109,4000.0,8.454889561,14.1,38687.16,65.4,82583930,4,5
FRA,2018,0.6364852374970662,57834.09607755892,35.754286474371575,1.56080565526931,Lower Middle Income,11.3,9.1,2.2,82.6756097560976,3.3,0.358494581816163,3800.0,8.588419484,10.3,41418.18,66.8,226826371,4,5
FRA,2019,0.598863684293204,9340.248389244474,48.342680469430505,4.726540396128275,Upper Middle Income,11.2,9.1,2.1,82.8268292682927,3.3,0.332559129027963,3700.0,8.363642363,13.1,40408.28,66.43,291647794,4,5
FRA,2020,0.5329859373742373,54470.16912489832,39.243970181601966,4.050750001642291,Upper Middle Income,10.9,9.9,1.0,82.1756097560976,3.3,0.324557781035362,3400.0,8.889553872,7.2,39169.86,58.84,119724211,4,5
FRA,2021,0.509046920767199,2769.7169273139793,41.934285443061825,4.239842891858907,Low Income,10.9,9.8,1.1,82.3243902439024,3.4,0.356902332389048,3300.0,8.788716834,7.3,43725.1,63.79,275538389,4,5
FRA,2022,0.2026876435313209,31085.310467680974,57.23546983377953,2.8123026316211157,High Income,10.7,9.9,0.8,82.1292682926829,3.4,0.502320929337976,3400.0,8.704690658,7.3,40988.64,75.96,182707009,4,5
FRA,2023,0.5214894151398983,59280.216408460845,20.053225006745947,2.653215120510543,Upper Middle Income,9.9,9.2,0.7,82.9292682926829,3.4,0.275093143443794,3700.0,7.304546466,7.3,44700.14,70.63,232089401,4,5
GBR,2000,0.552367516493047,46250.473566932946,45.391645693340635,1.8852568753718224,High Income,11.5,10.3,1.2,77.7414634146342,5.5,0.357300887421605,2800.0,12.03831828,16.5,28383.88,52.34,234316070,4,5
GBR,2001,0.587799740486211,3554.7173450143296,27.35741854655075,4.399101718088373,Lower Middle Income,11.3,10.2,1.1,77.9926829268293,5.5,0.384975969564228,2800.0,12.53767978,19.6,28013.87,52.63,59439660,4,5
GBR,2002,0.2933194340707682,26783.562975365126,37.003227283978234,2.85270919142025,Lower Middle Income,11.3,10.2,1.1,78.1439024390244,5.4,0.423337079636281,2800.0,13.20042656,19.1,30158.7,51.24,211903037,4,5
GBR,2003,0.5986888300280194,16515.09708658851,54.37658751820721,2.8538383622577235,High Income,11.7,10.2,1.5,78.4463414634146,5.3,0.465641113602993,2800.0,13.55563603,12.0,34556.77,50.07,168131654,4,5
GBR,2004,0.5582926811219155,54316.8309909039,46.112579295020375,3.0285864540494223,Low Income,11.9,9.7,2.2,78.7463414634146,5.2,0.568943113421317,2800.0,13.10259954,14.6,40504.41,50.29,21591036,4,5
GBR,2005,0.3777694944201596,20575.80503057198,41.5954701561126,2.702029476949475,Lower Middle Income,12.0,9.6,2.4,79.0487804878049,5.1,0.68661130607346,2800.0,12.29701766,14.2,42240.25,52.54,290405107,4,5
GBR,2006,0.5538658335711967,31650.802373518705,26.261066791577665,1.6383354323469486,Lower Middle Income,12.3,9.4,2.9,79.2487804878049,5.0,0.73504867842129,2800.0,11.74696301,11.0,44695.16,56.7,146455983,4,5
GBR,2007,0.399103276266023,61479.68300711906,21.8353820889053,4.715685018322638,High Income,12.6,9.4,3.2,79.4487804878049,4.9,0.778666112441256,2800.0,11.1353414,16.3,50629.08,52.75,17231386,4,5
GBR,2008,0.4001962124066381,15270.348666543014,28.855627661650416,2.4945982842310737,Upper Middle Income,12.9,9.4,3.5,79.6,4.8,0.787032622318939,2800.0,11.09100705,10.6,47652.4,56.44,112658782,4,5
GBR,2009,0.5306295962613715,16857.42577908099,31.332370076852165,3.810189192149093,Lower Middle Income,12.7,9.0,3.7,80.0512195121951,4.6,0.756390859593407,2800.0,10.56366186,10.1,39009.37,54.65,342125069,4,5
GBR,2010,0.5416457807988988,64999.164262539496,24.20757787610332,4.382258143335265,Lower Middle Income,12.9,8.9,4.0,80.4024390243902,4.4,0.783888646646516,2800.0,10.21533483,14.9,39778.32,59.05,333752394,4,5
GBR,2011,0.566183550734683,36393.70837039264,25.36594129895039,4.4017203943404475,High Income,12.8,8.7,4.1,80.9512195121951,4.3,0.781506562236639,2800.0,9.673907153,11.9,42295.93,63.32,272951834,4,5
GBR,2012,0.442128071951573,30233.585481119742,35.39326017474126,1.708386305735,Lower Middle Income,12.8,8.9,3.9,80.9048780487805,4.1,0.712282568284022,2800.0,8.926204058,11.7,42688.33,61.97,120930649,4,5
GBR,2013,0.2155593565538485,30976.14752104922,45.33966906082066,3.166483849217807,Lower Middle Income,12.1,9.0,3.1,81.0048780487805,4.0,0.669537112028056,2800.0,8.708592581,11.5,43606.98,61.72,231396548,4,5
GBR,2014,0.5655144838727177,66039.0437344744,23.944040250121155,3.75250758285916,Upper Middle Income,12.0,8.8,3.2,81.3048780487805,3.9,0.747135714780007,2800.0,8.981877455,11.3,47746.24,58.82,161938266,4,5
GBR,2015,0.5234857583643041,46549.63099112634,23.64116189434865,2.360388565999889,Upper Middle Income,11.9,9.2,2.7,80.9560975609756,3.9,0.721624002974263,2800.0,9.151726202,11.3,45255.34,57.13,292129624,4,5
GBR,2016,0.5898193848037352,68949.25982213383,25.985521558341972,4.986442618589146,Low Income,11.8,9.1,2.7,81.1560975609756,3.8,0.79421971482011,2800.0,9.414300429,11.3,41257.91,59.84,67370335,4,5
GBR,2017,0.3534083368429673,44309.85879973496,58.78101066609937,3.548178279954515,Upper Middle Income,11.4,9.2,2.2,81.2560975609756,3.8,0.545706020084833,2600.0,9.146048479,13.1,40916.81,63.19,219319827,4,5
GBR,2018,0.2766817101303849,35127.17914244116,20.63326917744956,1.632064906239949,High Income,11.0,9.2,1.8,81.2560975609756,3.8,0.488451313281444,2500.0,9.360103011,9.2,43703.0,64.91,272987745,4,5
GBR,2019,0.5469486056822399,17772.90977053728,56.932751221393765,3.447543648909262,High Income,10.645,9.019,1.626,81.3691219512195,3.8,0.514596380840432,2300.0,9.085220819,12.7,43158.74,65.0,75202781,4,5
GBR,2020,0.3383342624809038,59303.08928534629,49.65416756650505,1.892275518526688,High Income,10.204,10.268,-0.064,80.331756097561,3.9,0.169447088341033,2100.0,13.53945982,13.0,40812.68,59.16,266961456,4,5
GBR,2021,0.4302311198014903,22259.108398575136,30.225712804645877,1.0226577619694357,Upper Middle Income,10.241,9.784,0.457,80.6473170731707,3.9,0.358937930235741,1900.0,12.91921733,11.0,47691.38,58.54,153164732,4,5
GBR,2022,0.4127669006508827,29929.39779952685,56.721441873785515,2.45917294540509,High Income,10.1,9.512,0.588,81.0112195121951,3.9,0.921336799385098,1800.0,15.17273749,11.0,47057.04,69.2,192640036,4,5
GBR,2023,0.298397052202306,13593.318246298088,42.33017145286901,4.151705391755348,Upper Middle Income,10.023,9.518,0.505,81.2380975609756,4.0,1.30497972307431,1700.0,8.305988831,11.0,49944.47,64.99,346569070,4,5
IND,2000,0.2932446424167425,28036.1058196862,40.38898746401432,4.784529082713614,Upper Middle Income,27.518,8.628,18.89,62.749,66.3,1.87939826197393,55043.791666666664,362.2967683,25.7,442.75,26.9,43431525,2,2
IND,2001,0.6293143270533464,3073.3782519960982,37.7192970655944,1.9449266754639116,Low Income,27.206,8.482,18.724,63.158,64.3,1.87060822112685,55043.791666666664,349.1435332,25.5,450.36,25.99,107388316,2,2
IND,2002,0.3521773589681045,48126.49719220786,52.26064478292697,4.4358959649782825,Low Income,26.538,8.294,18.244,63.649,62.4,1.81129424097937,55043.791666666664,330.1164081,22.5,469.15,29.51,68695029,2,2
IND,2003,0.3209586429972125,22025.16648229405,46.38807259394376,4.114987241816552,Upper Middle Income,25.783,8.125,17.658,64.086,60.5,1.73438204419235,55043.791666666664,312.9910189,25.3,544.14,30.59,223780861,2,2
IND,2004,0.226336488483158,29734.99785450689,26.02948996301939,1.8610025380481416,Low Income,25.121,7.982,17.139,64.484,58.6,1.7035704679088,55043.791666666664,296.3672521,24.7,624.26,37.5,44849021,2,2
IND,2005,0.6160213361875634,61976.6258098783,52.72503416754453,2.358824077145302,Upper Middle Income,24.304,7.819,16.485,64.939,56.7,1.63142146860079,55043.791666666664,276.5314878,21.4,710.49,42.0,79830236,3,2
IND,2006,0.2691696490283201,48478.23100524126,20.68087047254652,3.662832218326225,Upper Middle Income,23.564,7.67,15.894,65.373,54.8,1.56412522526913,55043.791666666664,258.3269913,18.5,801.67,45.72,258667151,3,2
IND,2007,0.2099147919073524,9404.80316480118,47.43355464430939,1.8554062640490527,Low Income,22.932,7.536,15.396,65.803,52.8,1.50599144392136,55043.791666666664,240.2857908,21.9,1021.89,45.69,334195724,3,2
IND,2008,0.3179914163096808,22372.85148165633,48.207719813855746,1.2111465400292616,High Income,22.506,7.41,15.096,66.247,50.8,1.43877181746736,55043.791666666664,222.7045931,25.5,992.52,53.37,193910247,3,2
IND,2009,0.4576042188232583,24083.468822926676,48.13169579876438,4.362971713106705,Lower Middle Income,22.211,7.29,14.921,66.7,48.7,1.44601731955273,55043.791666666664,205.049556,22.1,1094.95,46.27,311089564,3,2
IND,2010,0.4212682003650029,53157.15386192226,43.27380529401025,4.079597997782429,High Income,21.633,7.164,14.469,67.162,46.7,1.45460361883041,55043.791666666664,188.3309128,18.7,1347.52,49.26,37209823,3,5
IND,2011,0.5008682197749921,5207.7685443439,25.41568189220433,3.689136429374984,Low Income,21.156,7.048,14.108,67.623,44.6,1.41682761544376,55043.791666666664,173.3934629,26.6,1445.46,55.62,244260718,3,5
IND,2012,0.6285803281116806,6934.132721020367,44.05692771344802,3.1268286221140627,Upper Middle Income,20.672,6.945,13.727,68.076,42.5,1.37405616603306,55043.791666666664,160.0675755,22.9,1429.32,55.79,288327384,3,5
IND,2013,0.4652578672610568,1833.4319735857923,38.49213049439794,1.437148353644322,Low Income,20.061,6.859,13.202,68.499,40.5,1.33270430507476,55043.791666666664,148.1465251,19.3,1432.84,53.84,59909873,3,5
IND,2014,0.2653490996837278,21317.311154462328,48.01101431585283,2.1494742863354683,High Income,19.089,6.77,12.319,68.932,38.5,1.26129027125347,55043.791666666664,136.9139035,24.9,1553.88,48.92,222608132,3,5
IND,2015,0.2867707797577425,10797.627054340035,59.55942173361932,1.865265363546268,Lower Middle Income,18.936,6.729,12.207,69.326,36.6,1.19285563384335,55043.791666666664,128.5131552,19.7,1584.0,41.92,5938668,3,5
IND,2016,0.2122005565567253,55753.544562954936,39.20510819377382,2.6565686506489943,Lower Middle Income,18.756,6.7,12.056,69.709,34.7,1.19162966402099,55043.791666666664,120.7544123,25.5,1707.51,40.08,238406949,3,5
IND,2017,0.332418583912355,63876.61441872696,55.16691766515291,4.727352784279034,Low Income,17.995,6.673,11.322,70.068,33.0,1.1623961434697,55043.791666666664,113.0118619,20.2,1950.1,40.74,127635927,3,5
IND,2018,0.36175420466561,69106.96568172026,38.69678482728503,2.1178390517174197,High Income,17.91,6.67,11.24,70.415,31.3,1.09729906702925,55043.791666666664,107.0050258,23.6,1966.25,43.62,185591199,3,5
IND,2019,0.2023972907944161,38893.378363792894,44.56897770603764,4.075205505322551,High Income,17.368,6.67,10.698,70.746,29.7,1.04001395098104,55043.791666666664,101.0540697,20.6,2041.43,39.91,191752879,3,5
IND,2020,0.5762765468161071,50662.783297376816,38.41522948048612,1.7547504089992612,Upper Middle Income,16.744,7.214,9.53,70.156,28.2,0.973438646910149,55043.791666666664,100.5309048,20.1,1907.04,37.76,178534033,3,5
IND,2021,0.5047153230158506,39024.097142294435,58.51246212342466,3.454091787835248,Low Income,16.491,9.259,7.232,67.282,26.8,0.822648220128724,55043.791666666664,154.7977765,24.1,2239.61,45.42,188608292,3,5
IND,2022,0.5230447880732216,67030.93034497915,24.021908931702317,2.353912053113826,Upper Middle Income,16.336,6.576,9.76,71.698,25.6,0.790200540609834,55043.791666666664,89.64524763,24.1,2347.45,50.08,170965875,3,5
IND,2023,0.6205491347778558,62898.34019090723,43.86277078858468,4.175110926532832,Upper Middle Income,16.146,6.611,9.535,72.003,24.5,0.883289539766135,55043.791666666664,80.4818209,24.1,2530.12,44.99,225998047,3,5
JPN,2000,0.2789523989483369,49518.83334451879,58.74331341140589,3.63995020811206,Low Income,9.5,7.7,1.8,81.0760975609756,3.3,0.167275578113187,55043.791666666664,8.8145306,7.5,39169.36,19.56,167865327,4,5
JPN,2001,0.635745561034281,12581.83052335891,34.70653987954609,1.7030552156415824,Low Income,9.3,7.7,1.6,81.4163414634146,3.1,0.240952587521069,55043.791666666664,8.257945779,11.0,34406.18,19.56,232301573,4,5
JPN,2002,0.6452613047034499,64479.937785178925,41.0693392418973,4.263540415565524,Low Income,9.2,7.8,1.4,81.6907317073171,3.0,0.232527187105684,55043.791666666664,7.801033955,7.1,32820.79,20.45,8704917,4,5
JPN,2003,0.3686426023973554,27304.584249359603,22.56861302942904,4.787357966423945,Lower Middle Income,8.9,8.0,0.9,81.76,2.9,0.213980948779682,55043.791666666664,7.571964896,6.9,35387.04,21.33,121119256,4,5
JPN,2004,0.4642171472806983,16945.46448246646,23.699762433383093,4.3910871984258195,Upper Middle Income,8.8,8.2,0.6,82.030243902439,2.8,0.0336622582725446,55043.791666666664,7.372702692,14.0,38298.98,23.66,30561711,4,5
JPN,2005,0.3678135598350258,62458.07967685221,59.92450327387437,1.445241598228248,Upper Middle Income,8.4,8.6,-0.2,81.9551219512195,2.7,0.0093920965576633,55043.791666666664,7.162243094,13.8,37812.9,26.23,113803878,4,5
JPN,2006,0.5742215548206833,46523.377402384795,39.62759824386161,2.288015784164698,Low Income,8.7,8.6,0.1,82.3219512195122,2.7,0.0633735894181335,55043.791666666664,6.814175535,10.0,35991.55,30.02,349176812,4,5
JPN,2007,0.3730017199671756,24991.460763666622,50.92827705619556,2.006831837658034,Low Income,8.6,8.8,-0.2,82.5070731707317,2.6,0.114908847726211,55043.791666666664,6.479591028,6.5,35779.02,32.82,166540585,4,5
JPN,2008,0.4563581354312482,10173.94724667415,49.713912189319245,4.77287903903033,High Income,8.7,9.1,-0.4,82.5875609756098,2.5,0.0484253945978966,55043.791666666664,6.387329407,13.1,39876.3,34.13,21240082,4,5
JPN,2009,0.4897348418315837,8452.336729847015,23.262135461663025,2.86050483480129,Upper Middle Income,8.5,9.1,-0.6,82.9314634146342,2.4,-0.0124946312294096,55043.791666666664,6.173912775,9.5,41309.0,24.39,117895630,4,5
JPN,2010,0.4796151998692675,55328.73776286819,23.344306011907335,4.248559065243404,High Income,8.5,9.5,-1.0,82.8426829268293,2.4,0.0179605415195644,55043.791666666664,5.947377215,9.6,44968.16,28.5,72601258,4,5
JPN,2011,0.2188918145554733,24801.305578327057,38.45110063845194,2.0584741165591187,Low Income,8.3,9.9,-1.6,82.5912195121951,2.3,-0.185226486410846,55043.791666666664,5.71158724,6.3,48760.08,30.19,325194040,4,5
JPN,2012,0.4049015430258712,48198.12327773395,50.004638054492375,1.2536033024963866,Lower Middle Income,8.2,10.0,-1.8,83.0960975609756,2.2,-0.159710675844347,55043.791666666664,5.505880409,9.4,49145.28,30.47,101031220,4,5
JPN,2013,0.2713160390212338,29668.37184056077,48.36305300449407,2.7506984369082157,Upper Middle Income,8.2,10.1,-1.9,83.3319512195122,2.2,-0.144271883387076,55043.791666666664,5.366852842,9.2,40898.65,33.98,339329553,4,5
JPN,2014,0.4008846433054439,66527.10320737975,54.94830758378426,1.139053807002934,Upper Middle Income,8.0,10.1,-2.1,83.5878048780488,2.1,-0.132694222147042,55043.791666666664,5.247706745,6.0,38475.4,37.43,63683985,4,5
JPN,2015,0.3140673142303709,61198.381164235245,31.717902596115817,4.185662956651832,Low Income,8.0,10.3,-2.3,83.7939024390244,2.0,-0.106124993746747,55043.791666666664,5.035295697,5.8,34960.64,35.43,126269240,4,5
JPN,2016,0.3917211260817737,9017.810996540851,37.911495634094365,4.807783436247699,Upper Middle Income,7.8,10.5,-2.7,83.9848780487805,2.0,-0.0511374152133631,55043.791666666664,4.922918165,8.7,39375.47,31.31,167456071,4,5
JPN,2017,0.5121153905443032,14320.779001386229,51.011979745990395,2.980215137643903,High Income,7.6,10.8,-3.2,84.099756097561,1.9,-0.081874296046114,55043.791666666664,4.761009386,8.6,38834.05,34.42,54209245,4,5
JPN,2018,0.5005614660526903,31216.98290322063,38.14688256476409,2.8842777654314538,Upper Middle Income,7.4,11.0,-3.6,84.2109756097561,1.9,-0.126880068088791,55043.791666666664,4.734954921,11.1,39751.13,36.61,343059148,4,5
JPN,2019,0.5913318603960527,17028.056319122166,36.82942443811764,4.608226281761157,Low Income,7.0,11.2,-4.2,84.3563414634146,1.8,-0.140464977878172,55043.791666666664,4.635204413,5.7,40415.96,35.22,156884110,4,5
JPN,2020,0.250897231355692,63978.922017606485,31.613249848558592,3.066174190371687,Lower Middle Income,6.8,11.1,-4.3,84.56,1.8,-0.294194617750067,55043.791666666664,4.285983729,5.5,40028.73,31.34,345629247,4,5
JPN,2021,0.5308459583917652,1815.6044132128393,34.456925004400816,2.490181047568431,Lower Middle Income,6.6,11.7,-5.1,84.4456097560976,1.8,-0.459952415807642,55043.791666666664,4.10803812,8.0,40094.56,36.74,56657925,4,5
JPN,2022,0.4176689764369782,27141.122884932625,40.573687801378824,1.9994416229198129,Lower Middle Income,6.3,12.9,-6.6,83.9963414634146,1.8,-0.443851919148528,55043.791666666664,5.336611249,8.0,34065.64,46.81,33536663,3,5
JPN,2023,0.5393702047538433,63025.98863406992,28.679552937246378,4.381948168384952,High Income,6.0,13.0,-7.0,84.0412195121951,1.8,-0.487370782049143,55043.791666666664,3.078282902,8.0,33836.18,45.15,203341977,3,5
MEX,2000,0.5326475795584936,40402.03292817316,36.36889613442635,1.29710696450144,High Income,24.192,5.481,18.711,72.562,23.7,1.54272528221216,14000.0,56.39245527,16.2,7524.03,49.91,40278636,3,5
MEX,2001,0.5564076206759572,4412.25977726227,48.01455316351685,3.969443645745556,High Income,23.779,5.433,18.346,72.912,22.7,1.48303091731143,14000.0,55.35380117,15.8,7952.76,44.74,235406814,3,5
MEX,2002,0.5515358106595537,3009.783234883639,50.19123861753731,3.829202002464565,Lower Middle Income,23.379,5.45,17.929,73.106,21.7,1.43770526775457,14000.0,54.96576457,18.3,7983.03,45.21,76724950,3,5
MEX,2003,0.4056363525720535,6014.341153647794,41.26704944243335,3.1307151688044264,High Income,22.832,5.469,17.363,73.308,20.8,1.398263627903,15000.0,54.03960995,16.1,7434.07,48.7,75141108,3,5
MEX,2004,0.5660964045396278,33242.74970948469,33.17935303481425,4.817579662222812,Lower Middle Income,22.369,5.517,16.852,73.432,20.0,1.3653083154997,15000.0,53.06311265,18.0,7849.67,52.04,224513261,3,5
MEX,2005,0.568392083393045,39327.34603513928,49.830547405967025,1.401408471830027,Upper Middle Income,21.912,5.537,16.375,73.627,19.2,1.34857895792648,16000.0,51.64543289,18.0,8671.76,52.56,181085770,3,5
MEX,2006,0.572641082559163,16441.94299229276,59.41175782919114,2.719632734596792,Low Income,21.482,5.575,15.907,73.746,18.5,1.35374920696209,16000.0,50.60049196,15.3,9512.64,54.48,132987882,3,5
MEX,2007,0.4307415313057642,1497.7702361596052,54.72341030650105,4.814432583829271,Lower Middle Income,21.11,5.62,15.49,73.796,17.9,1.40789058424163,16000.0,49.59503938,16.3,10134.33,55.26,115859408,3,5
MEX,2008,0.4091498799120217,22491.726475328654,57.63088241810759,4.299700085363876,High Income,20.82,5.682,15.138,73.695,17.3,1.46015632826518,17000.0,50.63942552,16.7,10523.77,56.37,224083476,3,5
MEX,2009,0.2427961039228447,66466.11065960131,38.168184729645915,1.2419299215286663,High Income,20.567,5.735,14.832,73.628,16.8,1.4619172053372,17000.0,50.60608376,18.1,8423.57,54.59,237235961,3,5
MEX,2010,0.5596924420192431,15246.813835591982,20.06309058561165,1.8006631803410893,Low Income,20.331,5.733,14.598,73.718,16.2,1.43974472572946,18000.0,49.73802467,18.1,9728.8,59.27,77536422,3,5
MEX,2011,0.2140950121528736,20695.960913468025,58.436767398254574,2.1060829432270936,Low Income,20.095,5.698,14.397,73.921,15.7,1.41534883852036,18000.0,47.28058373,14.2,10664.49,62.16,47474793,3,5
MEX,2012,0.3505648488403293,26527.571663852475,31.60814138822342,2.567163011400933,High Income,19.855,5.674,14.181,74.128,15.2,1.35716327923769,18000.0,45.78833549,14.2,10744.13,64.26,226415011,3,5
MEX,2013,0.5092753928269812,15884.989752225543,36.39206972320595,2.3488186047996487,High Income,19.557,5.677,13.88,74.289,14.8,1.29730808025224,19000.0,44.95862673,13.7,11216.8,62.69,254096675,3,5
MEX,2014,0.5497133686122271,28950.12461911279,57.11718055820836,1.376578761247655,Upper Middle Income,18.959,5.705,13.254,74.404,14.3,1.21002702971431,19000.0,43.70398674,14.0,11391.38,64.1,17780794,3,5
MEX,2015,0.4202589214399549,7073.291064163427,31.501631305426436,3.3749311671272144,Upper Middle Income,18.227,5.768,12.459,74.431,13.9,1.06956376155677,19000.0,43.15535688,14.0,10021.24,70.41,9245817,3,5
MEX,2016,0.3477538183260816,66211.92938589668,41.41596553848417,2.597175329475682,High Income,17.69,5.868,11.822,74.376,13.5,0.969124204799117,20000.0,43.15521771,14.2,9097.92,75.69,95502150,3,5
MEX,2017,0.2761771918189744,41037.4746706206,32.80117281664742,4.074514451164354,Lower Middle Income,17.214,5.997,11.217,74.261,13.0,0.935239396499786,20000.0,43.93980593,17.9,9649.28,76.95,146913860,3,5
MEX,2018,0.2455871006818512,2340.6580458123217,46.36737007937331,2.7742492732117,Upper Middle Income,17.037,6.071,10.966,74.301,12.6,0.9466023549862,20000.0,44.00298411,15.3,10084.79,80.21,280459373,3,5
MEX,2019,0.4498871315535212,33246.402524789984,51.99147563908113,2.3504320116439663,Lower Middle Income,16.877,6.083,10.794,74.53,12.2,0.950144329831411,21000.0,43.33916083,17.6,10369.56,77.46,283634849,3,5
MEX,2020,0.2044168037792424,36959.792054777325,43.203812668110075,3.2013986282704052,Low Income,16.565,8.429,8.136,70.449,11.8,0.820454117563552,21000.0,61.48252353,16.7,8841.27,76.85,200551120,3,5
MEX,2021,0.3460986664947048,50142.25837933976,42.70981070789568,2.679034119420658,Low Income,16.353,9.015,7.338,69.75,11.5,0.66740537533078,21000.0,103.877921,16.3,10314.05,83.07,267604814,3,5
MEX,2022,0.5441237946027999,45928.76324850115,35.43087620048382,1.8164578074704865,Lower Middle Income,16.041,6.521,9.52,73.973,11.1,0.753116988604166,21000.0,45.44722557,16.3,11405.79,88.8,271776984,3,5
MEX,2023,0.5659817104261851,37379.596403806296,23.546321599571023,1.5155105254887888,Upper Middle Income,15.706,6.161,9.545,75.069,10.8,0.872178517508623,21000.0,42.10605109,16.3,13860.96,73.58,145595981,3,5
NGA,2000,0.3146447579884162,22848.66380239774,37.04572342084057,3.946128051339417,Upper Middle Income,43.892,17.439,26.453,47.143,97.1,2.67439784501828,200000.0,1135.673469,19.2,547.32,51.07910714285715,302722699,2,1
NGA,2001,0.2511032353663349,19753.051072724847,35.25069316063486,3.469692578693384,Low Income,43.934,17.149,26.785,47.549,94.6,2.7163954653619,190000.0,1129.846935,19.4,566.43,51.07910714285715,32242628,2,1
NGA,2002,0.4230045162466203,33409.16779195187,30.12993858095324,4.590659468546937,Upper Middle Income,43.822,16.799,27.023,48.02,91.9,2.74147056608815,190000.0,1116.649953,20.7,712.16,51.07910714285715,19906678,2,1
NGA,2003,0.4652984737831946,43448.25315737855,58.46185173152107,1.4888137201009686,High Income,43.71,16.37,27.34,48.618,89.1,2.75673506428828,180000.0,1090.391534,18.5,763.39,51.07910714285715,168754766,2,1
NGA,2004,0.6283028716104873,61877.895764011395,21.841387034119425,2.0931326877350815,Low Income,43.474,15.986,27.488,49.148,86.4,2.77053967849452,180000.0,1075.124603,18.3,962.48,51.07910714285715,248007847,2,1
NGA,2005,0.3247438731029132,68883.93639718529,58.26668906596608,3.730816903437269,Upper Middle Income,43.37,15.692,27.678,49.538,83.7,2.76883385211034,170000.0,1059.810289,21.1,1211.38,51.07910714285715,52267586,2,1
NGA,2006,0.518359030462175,4912.475605010184,32.934309833232064,2.788465175661633,Low Income,43.172,15.43,27.742,49.876,81.2,2.76124698861505,170000.0,1067.336234,20.9,1599.54,51.07910714285715,348813486,2,1
NGA,2007,0.5543555622234766,28665.965915980916,44.933562910118795,3.243458131127206,Low Income,42.897,15.067,27.83,50.381,79.0,2.77180099910734,160000.0,1063.354699,17.4,1815.53,51.07910714285715,35727638,2,1
NGA,2008,0.4420120174614483,12413.326841741502,57.138678587059815,4.379308237212353,Low Income,42.803,14.801,28.002,50.748,77.1,2.78453384410814,160000.0,1081.429754,18.6,2154.11,51.07910714285715,13891933,2,1
NGA,2009,0.5433611908199496,7963.868329306588,36.032553429454296,4.32427976238439,High Income,42.497,14.554,27.943,51.08,75.4,2.78730820935027,150000.0,1088.097943,17.2,1820.49,51.07910714285715,339373472,2,1
NGA,2010,0.32759537264031,38159.84567132931,42.86316565996559,1.6860768699711968,Low Income,42.139,14.36,27.779,51.315,74.0,2.795149361277,150000.0,1093.743329,18.3,2202.26,51.07910714285715,18569278,2,1
NGA,2011,0.2011444855799446,38174.158876985886,23.534703519162026,4.080385756666638,High Income,41.793,14.203,27.59,51.49,73.0,2.80278519998649,140000.0,1107.970104,17.0,2418.41,51.07910714285715,315705178,2,1
NGA,2012,0.382801197174868,33819.357386831725,40.504762653986575,1.4244788189444535,Low Income,41.116,14.019,27.097,51.688,72.0,2.77422930277333,130000.0,1124.144501,19.1,2633.2,51.07910714285715,290729554,2,1
NGA,2013,0.6266835104246005,24893.97319979818,29.721077625641268,1.1667475840061527,Upper Middle Income,40.441,13.864,26.577,51.827,71.4,2.71468991073627,120000.0,1146.022055,19.0,2872.79,51.07910714285715,172070469,2,1
NGA,2014,0.5741967458589678,18371.257886419913,32.207185762278435,3.5681992469939456,Lower Middle Income,39.892,13.736,26.156,51.94,70.8,2.64221399374699,110000.0,1155.415835,16.5,3088.72,51.07910714285715,62180279,2,1
NGA,2015,0.517110246012809,55253.19462552793,57.25362698808533,2.898567522218464,Upper Middle Income,38.951,13.656,25.295,51.939,70.2,2.53617348598208,110000.0,1167.736698,17.4,2585.73,51.07910714285715,14366784,2,1
NGA,2016,0.356083375900992,35659.7395604181,21.429429411137008,3.6235913408923426,Upper Middle Income,37.771,13.408,24.363,52.189,69.5,2.47183239057048,100000.0,1155.23963,17.3,2070.41,51.07910714285715,27326266,2,1
NGA,2017,0.3796834625465425,52632.02335119203,22.544561415888815,3.719069938034203,Lower Middle Income,36.693,13.192,23.501,52.397,68.6,2.43170936923065,96000.0,1141.806647,17.1,1876.34,51.07910714285715,37229959,2,1
NGA,2018,0.5209960606070521,23148.305330569343,23.344080943154456,3.627781468285012,Lower Middle Income,35.69,12.952,22.738,52.669,67.4,2.31217263003389,93000.0,1118.378697,16.1,2057.88,51.07910714285715,147620513,2,1
NGA,2019,0.2118557859953494,32785.080675083576,28.695604819699017,4.891748193808553,Lower Middle Income,34.685,12.679,22.006,53.009,66.1,2.1944019229433,87000.0,1090.955468,17.1,3189.81,51.07910714285715,209660435,2,1
NGA,2020,0.6392173712411013,50101.79284646074,31.00630694978904,2.9931513186985867,High Income,33.732,12.586,21.146,53.072,64.7,2.13029714344341,78000.0,1064.693433,17.9,2797.18,51.07910714285715,249851048,2,1
NGA,2021,0.3313401490491687,56419.54034936117,40.3937508813525,1.415374263082419,Lower Middle Income,33.546,12.306,21.24,53.455,63.2,2.09618685225463,72000.0,1046.141459,18.5,2787.49,51.07910714285715,194386460,2,1
NGA,2022,0.2016188556269383,25173.91600726318,56.08473186990515,1.6888232745368867,Low Income,33.192,11.953,21.239,54.079,61.6,2.09281687128387,63000.0,1016.336736,18.5,2899.16,51.07910714285715,127938866,2,1
NGA,2023,0.4910576953325418,40481.61843502206,36.21739931466837,3.080854014858854,Upper Middle Income,32.954,11.74,21.214,54.462,60.1,2.09838916935738,59000.0,992.8292085,18.5,2138.76,51.07910714285715,310328219,2,1
RUS,2000,0.2664762602359213,61769.17426230483,28.26571433204552,2.256301620205373,Upper Middle Income,8.7,15.3,-6.6,65.4836585365854,15.6,-0.420614990249978,55043.791666666664,50.99687931,50.8,1771.59,68.09,61694501,3,5
RUS,2001,0.5637898946204998,10662.496438970917,45.74098554400053,3.257263037924236,Low Income,9.0,15.6,-6.6,65.3834146341463,14.8,-0.424090524785415,55043.791666666664,48.2052895,24.6,2100.35,61.11,337942284,3,5
RUS,2002,0.6095322533728473,23152.305729613036,48.959174205343224,4.569081590575348,Lower Middle Income,9.7,16.2,-6.5,65.1287804878049,13.8,-0.460024258081391,55043.791666666664,46.57861177,38.1,2377.53,59.65,62987676,3,5
RUS,2003,0.5241560336313498,15814.451476195063,48.214498476908346,4.752868485730741,Low Income,10.2,16.4,-6.2,65.0275609756098,12.9,-0.453780668020263,55043.791666666664,44.80460102,38.1,2975.12,59.13,121675612,3,5
RUS,2004,0.532697268574434,54249.39506863106,38.29019011708354,3.6048299981911263,High Income,10.4,15.9,-5.5,65.4709756097561,11.9,-0.402681471328549,55043.791666666664,40.9459615,24.2,4102.36,56.58,44771526,3,5
RUS,2005,0.2572285563364679,69228.67726259473,43.66118809538331,3.8893106018331447,Lower Middle Income,10.2,16.1,-5.9,65.529756097561,11.0,-0.381452794741516,55043.791666666664,38.06466868,52.0,5323.46,56.71,308674921,3,5
RUS,2006,0.4529591614270931,30323.06896949462,26.973519104484133,4.933014247145055,Lower Middle Income,10.3,15.1,-4.8,66.7275609756098,10.2,-0.327445270108383,55043.791666666664,31.86740602,48.6,6920.2,54.73,24699414,3,5
RUS,2007,0.4320535198587647,58695.72274321174,50.09336875709599,3.832684975115086,Upper Middle Income,11.3,14.6,-3.3,67.5868292682927,9.5,-0.17108203294568,55043.791666666664,28.69368452,32.9,9101.24,51.71,177125722,3,5
RUS,2008,0.5381822110128969,22662.4140747818,39.10758395013157,4.453754977795163,High Income,12.0,14.5,-2.5,67.9492682926829,9.0,-0.0439492591634852,55043.791666666664,26.56262547,20.9,11635.28,53.38,264986179,3,5
RUS,2009,0.4353765903611377,24654.42832498342,53.57715176511506,1.9554069004548216,Lower Middle Income,12.3,14.1,-1.8,68.6846341463415,8.6,0.030107060167659,55043.791666666664,23.68300196,45.0,8562.82,48.44,347898848,3,5
RUS,2010,0.5007130076693869,57422.49176232862,42.25665480351973,3.119782314969527,High Income,12.5,14.2,-1.7,68.8412195121951,8.3,0.0448964884428055,55043.791666666664,22.94340933,44.0,10674.99,50.36,179369977,3,5
RUS,2011,0.2282444273754386,29445.522476509977,43.53785610873203,1.92553589784766,High Income,12.6,13.5,-0.9,69.6839024390244,8.1,0.118045544446964,55043.791666666664,19.49918745,41.4,14305.33,48.04,186015562,3,5
RUS,2012,0.5230695255137383,48522.133455471216,54.295408764691715,4.867770916156845,High Income,13.3,13.3,0.0,70.0721951219512,7.9,0.251575708072649,55043.791666666664,17.70813118,17.6,15401.85,47.15,22604464,3,5
RUS,2013,0.3722097092172193,7518.976527205029,31.426718838849187,2.5297632325428445,Lower Middle Income,13.2,13.0,0.2,70.5787804878049,7.6,0.297503474179596,55043.791666666664,16.40045847,16.9,15941.45,46.29,145148039,3,5
RUS,2014,0.4133649195983579,29097.07028826764,24.69590569062001,4.538511740831603,Upper Middle Income,13.3,13.1,0.2,70.7436585365854,7.2,0.299667432459938,55043.791666666664,15.78710859,40.2,14055.47,47.8,123990657,3,5
RUS,2015,0.4429415721726634,7970.277964312519,59.93916812011683,4.497758299557287,Lower Middle Income,13.3,13.0,0.3,71.1834146341463,6.6,0.279352077762368,55043.791666666664,14.79449314,37.5,9277.71,49.36,295217705,3,5
RUS,2016,0.2662662768213819,65712.51797553254,57.909297382025144,4.86052922842346,Upper Middle Income,12.9,12.9,0.0,71.6512195121951,6.1,0.258751057379474,55043.791666666664,13.74824055,37.7,8663.16,46.52,185042229,3,5
RUS,2017,0.4493065167692276,49666.15973778607,41.70620148298968,2.0789329541655097,Lower Middle Income,11.5,12.4,-0.9,72.4514634146342,5.6,0.191382528772924,55043.791666666664,12.25271779,24.9,10658.91,46.88,195481950,3,5
RUS,2018,0.3769372695136834,37267.07756328465,29.054749087639724,3.599625873313989,Low Income,10.9,12.5,-1.6,72.6621951219512,5.1,0.0721356165400605,55043.791666666664,12.02799622,15.8,11211.89,51.58,281186938,3,5
RUS,2019,0.6167304091145367,22994.250269586824,44.60047311467262,2.8574894682001255,High Income,10.1,12.3,-2.2,73.0839024390244,4.7,0.037947213753429,55043.791666666664,11.75002721,34.9,11447.7,49.23,249129185,3,5
RUS,2020,0.3704356994956388,20044.275229830426,46.29412693846802,2.128448445532735,Low Income,9.8,14.6,-4.8,71.3387804878049,4.4,-0.143202031827637,55043.791666666664,18.78881218,22.0,10108.33,45.97,21354867,3,5
RUS,2021,0.2373147569934619,44911.94585097258,56.3726998642249,2.9043003336807476,High Income,9.6,16.7,-7.1,69.900243902439,4.1,-0.343724409889771,55043.791666666664,20.56877781,31.8,12425.03,50.59,108900083,3,5
RUS,2022,0.3207206198350315,19456.124058651298,28.590549583425524,2.9107358962433083,High Income,8.9,12.9,-4.0,72.5456097560976,3.9,-0.352843110363082,55043.791666666664,13.00374773,31.8,15619.61,42.78,346630522,3,5
RUS,2023,0.3510277825341195,50681.533485784246,22.8137191975804,3.193269077447835,Lower Middle Income,8.6,12.1,-3.5,73.2546341463415,3.7,-0.285217600763343,55043.791666666664,9.402811391,31.8,14159.39,40.83,168866843,3,5
SAU,2000,0.5484997917379404,27746.060975952667,28.106764004506488,2.497387802766725,Upper Middle Income,27.49,3.234,24.256,72.607,19.9,4.45983244526442,540.0,20.03732528,19.5,11714.56,68.17,231795311,2,5
SAU,2001,0.4046792196306401,62692.77634211765,27.11420970537159,1.105433295391279,Low Income,25.528,3.103,22.425,72.951,18.7,5.20103909905512,500.0,18.80576767,19.2,10805.31,63.56,180618507,2,5
SAU,2002,0.4007450367269067,37030.374132395315,30.814460129339327,4.7153847688275015,High Income,23.767,2.992,20.775,73.296,17.6,4.97645227766539,500.0,17.56665149,18.9,10586.05,64.59,128462528,3,5
SAU,2003,0.6422368814299109,55833.54214263424,44.00059430452167,2.51020829395039,Low Income,22.302,2.899,19.403,73.657,16.5,4.77427146298185,500.0,16.48313014,18.7,11487.22,69.83,182848950,3,5
SAU,2004,0.4553619792046243,20968.5825360611,33.781480395853606,2.8918627702476134,High Income,21.274,2.827,18.447,74.027,15.5,4.59154568390222,200.0,15.50259088,18.6,13154.5,75.08,239577808,3,5
SAU,2005,0.5955237678522517,61401.17092946364,52.65185971070876,1.1035876210652744,Upper Middle Income,21.062,2.777,18.285,74.4,14.6,4.42738945238289,100.0,14.63040603,18.5,15975.75,81.95,314269826,3,5
SAU,2006,0.2730135979538994,54291.769750415995,41.76091589306637,1.1026179073498938,Upper Middle Income,21.35,2.741,18.609,74.762,13.7,4.28087578648729,100.0,13.85356904,18.8,17563.61,89.94,60216359,3,5
SAU,2007,0.6146135968233761,34060.77592880791,55.22676787172304,2.470452173886384,Low Income,21.73,2.721,19.009,75.066,12.8,4.14945109151013,100.0,13.1501638,18.9,18596.15,94.86,227014878,3,5
SAU,2008,0.5815054364497472,35838.04709353446,22.53375810232695,4.274937447150078,Lower Middle Income,21.314,2.701,18.613,75.301,12.0,4.02875655811595,100.0,12.33951719,18.4,22320.49,96.1,116288880,3,5
SAU,2009,0.603083898603272,38204.984227641515,55.37379687692603,4.1012586174576,High Income,20.802,2.693,18.109,75.447,11.2,3.91489465968371,100.0,11.48958688,16.5,17718.39,84.86,260627791,3,5
SAU,2010,0.2274312594123847,15707.189656287372,52.285030185938794,2.844345512018729,Lower Middle Income,20.127,2.668,17.459,75.616,10.4,-0.992481797243179,100.0,10.54083695,16.4,22028.39,82.55,332990983,3,5
SAU,2011,0.2098754835076901,23816.233606518555,28.586185576210173,3.5274180531358934,Lower Middle Income,20.324,2.642,17.682,75.808,9.7,4.53867163626294,200.0,9.854866082,14.5,27126.75,84.36,54328487,3,5
SAU,2012,0.3844490831236332,64331.91690890243,29.36865346658792,4.4538133378303115,High Income,20.387,2.593,17.794,76.09,9.1,4.20264227505544,200.0,9.272152292,13.2,28733.44,81.74,61145125,3,5
SAU,2013,0.3797518514200388,58674.50042879326,59.68908440990045,3.7885524051646566,Lower Middle Income,19.712,2.506,17.206,76.517,8.5,5.41149124124804,200.0,8.678645158,12.5,27865.47,80.25,329015227,3,5
SAU,2014,0.3295671585778619,45598.054675161606,33.5598379732813,3.5489708519356955,Lower Middle Income,19.822,2.392,17.43,77.116,7.9,2.45043139330282,500.0,8.293132816,12.7,27805.49,78.0,337173581,3,5
SAU,2015,0.2539878983977073,56968.03070373265,21.62615495821783,1.3463584221222504,Upper Middle Income,19.405,2.266,17.139,77.776,7.4,5.18685551856216,500.0,7.99909698,13.0,23256.15,67.11,145907545,3,5
SAU,2016,0.4879966809444458,52656.0208514923,30.540255626932872,4.911861232177765,Low Income,19.553,2.178,17.375,78.354,6.9,3.74506540506437,500.0,7.906979256,13.0,22267.72,57.92,149228157,3,5
SAU,2017,0.4979375775662071,38125.53065213718,21.088784915979236,3.640205984996898,Lower Middle Income,19.824,2.174,17.65,78.721,6.5,0.0747825622238132,500.0,7.944017047,13.9,23929.29,59.53,276137527,3,5
SAU,2018,0.511358427353704,67851.68750991959,20.29904960989773,3.579384416020886,Low Income,19.739,2.228,17.511,78.75,6.1,-2.5537682578428,500.0,8.004791018,14.5,29360.07,59.1,286989011,3,5
SAU,2019,0.2983617556569533,22142.28634544848,27.31693537896636,4.16803021501162,High Income,18.075,2.295,15.78,78.313,5.8,-0.439701419074031,580.0,7.850660616,13.5,29566.79,56.79,76352940,3,5
SAU,2020,0.3009024539871329,23503.216793352396,51.791266449916215,1.8422047458562945,Low Income,16.628,2.46,14.168,77.596,5.5,4.833138517103,720.0,11.10272375,10.8,24338.83,47.53,59947230,3,5
SAU,2021,0.4709904173738901,44303.92114240152,24.308290696645948,1.9674559484592753,Low Income,15.902,2.615,13.287,77.089,5.3,-2.46456261487283,880.0,12.33027512,13.9,31920.77,50.88,8614363,3,5
SAU,2022,0.2100656452250586,56770.87096820771,42.414258455397096,2.048774470558686,Low Income,15.217,2.57,12.647,77.31,5.1,4.41891994509507,1100.0,9.015509199,13.9,38510.23,56.82,210722601,3,5
SAU,2023,0.3641566715257589,65251.30876818287,30.817990482453453,2.179214416165834,Lower Middle Income,16.415,2.34,14.075,78.732,4.9,4.63821572656175,1300.0,7.358411304,13.9,36156.85,54.17,165396943,3,5
USA,2000,0.3331052401870229,37106.73553599196,30.780945649918372,1.0963288689603452,High Income,14.4,8.5,5.9,76.6365853658537,7.1,1.11276899679534,55043.791666666664,12.08971584,17.8,36329.96,25.1,30072337,4,5
USA,2001,0.5087613469157066,16250.105074686931,54.56347518773506,1.441727850579345,Low Income,14.1,8.5,5.6,76.8365853658537,7.0,0.989741382223669,55043.791666666664,12.66158065,14.3,37133.62,22.97,15189465,4,5
USA,2002,0.2290931567085675,40069.586398757485,37.20066628313698,1.374502232375996,High Income,14.0,8.5,5.5,76.9365853658537,7.0,0.927797485710314,55043.791666666664,12.97852833,17.2,37997.76,22.29,89001835,4,5
USA,2003,0.230673393004565,1233.4699952974554,40.45324636957468,4.493423791131903,Lower Middle Income,14.1,8.4,5.7,77.0365853658537,6.9,0.859481712840946,55043.791666666664,13.32249047,13.7,39490.27,22.63,297595139,4,5
USA,2004,0.544657497411952,22950.248061388156,45.34365958582801,3.250804598463562,High Income,14.0,8.2,5.8,77.4878048780488,6.8,0.925483968943482,55043.791666666664,13.2213384,19.5,41724.63,24.45,23680558,4,5
USA,2005,0.3741034664951178,68442.23391481877,38.24640794579403,3.225451538667542,Upper Middle Income,14.0,8.3,5.7,77.4878048780488,6.8,0.921713167161207,55043.791666666664,13.35735147,13.0,44123.41,25.64,102682227,4,5
USA,2006,0.4227329792524335,12117.619187805996,20.372505606660933,2.406539441846828,High Income,14.3,8.1,6.2,77.6878048780488,6.7,0.964253917136075,55043.791666666664,13.48268059,18.7,46302.0,26.98,12071500,4,5
USA,2007,0.5015498776021552,7545.0469512272275,59.20899510715455,2.009907724040699,Lower Middle Income,14.3,8.0,6.3,77.9878048780488,6.6,0.951055242772428,55043.791666666664,13.49324602,18.3,48050.22,28.01,12237449,4,5
USA,2008,0.240045317449634,66697.83488869396,58.4765688900051,1.1975273867549214,Lower Middle Income,14.0,8.1,5.9,78.0390243902439,6.5,0.945865287282592,55043.791666666664,13.8463015,12.1,48570.05,29.87,36032296,4,5
USA,2009,0.338180844110205,45702.22459212712,35.23145755792741,1.902283215469032,Low Income,13.5,7.9,5.6,78.390243902439,6.4,0.876651298802912,55043.791666666664,14.59659695,14.8,47194.94,24.76,249635777,4,5
USA,2010,0.4829540797121206,34047.402969926894,46.71160012502034,4.021268208983381,Low Income,13.0,7.995,5.005,78.5414634146342,6.2,0.846129865832117,55043.791666666664,14.583907,14.5,48642.61,28.22,73966808,4,5
USA,2011,0.2532693387515383,61827.064240183834,24.15943650474873,2.0616952764587264,High Income,12.7,8.073,4.627,78.6414634146341,6.1,0.79239433316435,55043.791666666664,15.34365228,14.3,50024.87,30.84,297467929,4,5
USA,2012,0.5545055550076647,69732.71262157579,24.293290166347425,4.1170447045861565,High Income,12.6,8.102,4.498,78.7414634146342,6.0,0.79838290137163,55043.791666666664,15.68151722,17.0,51708.4,30.68,172936672,4,5
USA,2013,0.4893101833492585,63671.53730516369,49.37304836027376,2.5270901180454195,Upper Middle Income,12.4,8.215,4.185,78.7414634146342,5.9,0.756560083436754,55043.791666666664,16.06280981,16.9,53179.01,30.01,7756519,4,5
USA,2014,0.311225374493348,5107.840388022477,54.96948886201242,2.9478634055573765,Low Income,12.5,8.237,4.263,78.8414634146341,5.8,0.796023797809134,55043.791666666664,16.53584892,13.9,54973.42,30.0,76391581,4,5
USA,2015,0.4337254059592998,55019.79385042485,20.142118846116514,2.481316451608729,Lower Middle Income,12.4,8.44,3.96,78.690243902439,5.8,0.797904713382564,55043.791666666664,17.02174247,14.0,56572.92,27.82,293918826,4,5
USA,2016,0.3126985636942234,60908.04960841475,43.90035359229256,3.221918718042771,Lower Middle Income,12.2,8.493,3.707,78.5390243902439,5.7,0.785625485688815,55043.791666666664,17.78948228,11.2,57638.1,26.61,181468733,4,5
USA,2017,0.4166993317251721,30294.008349112068,29.34601078582699,1.458458710914631,Low Income,11.8,8.638,3.162,78.5390243902439,5.6,0.692906252591617,55043.791666666664,17.85646683,11.0,59635.1,27.31,149724729,4,5
USA,2018,0.3178231938331004,13504.42602217655,35.35625194052277,4.901780141487368,Low Income,11.6,8.678,2.922,78.6390243902439,5.6,0.586433075122573,55043.791666666664,17.55005986,13.5,62499.87,27.61,169925740,4,5
USA,2019,0.2147068218123479,17780.038318272866,41.45400523445053,4.343832592197286,High Income,11.4,8.697,2.703,78.7878048780488,5.5,0.515108555014533,55043.791666666664,17.51902622,10.6,64746.45,26.45,127984406,4,5
USA,2020,0.3849467536683992,43589.33579369067,22.87046994411204,2.4479617927396387,Lower Middle Income,10.9,10.27,0.63,76.9804878048781,5.5,0.408427566758519,55043.791666666664,22.45825036,13.6,63515.95,23.4,62925673,4,5
USA,2021,0.604786096831604,58623.76841789528,46.03372757352536,1.2907521185959543,Low Income,11.0,10.4,0.6,76.3292682926829,5.5,0.157317408951545,55043.791666666664,31.21464562,13.7,70205.05,25.61,341744580,4,5
USA,2022,0.3524372211442452,8918.425828623669,25.205466344624895,3.5735286181723054,Low Income,11.0,9.8,1.2,77.4341463414634,5.5,0.575744520494521,55043.791666666664,20.03667574,13.7,76657.25,27.31,98758611,4,5
USA,2023,0.4544121296559476,58864.345034106,55.169908044375966,1.082057139398818,Lower Middle Income,10.7,9.2,1.5,78.3853658536585,5.5,0.83149318773707,55043.791666666664,16.6325256,13.7,81032.26,25.29,253261013,4,5
ZAF,2000,0.5704453029793928,52012.478218648364,42.258936505732336,3.1955480843721396,High Income,21.567,10.393,11.174,58.368,46.9,0.914659168313889,530000.0,174.7451063,21.6,3217.85,46.22,28643552,3,5
ZAF,2001,0.2709908849921936,1082.6777840582736,21.74117043843282,1.7180510035410763,Upper Middle Income,21.266,11.074,10.192,57.161,47.6,0.859492168208101,520000.0,192.2310757,21.2,2847.15,49.17,84978576,3,5
ZAF,2002,0.2065016735714425,45868.46074823156,55.21208906990707,3.963464985322339,High Income,20.928,11.954,8.974,55.58,48.0,0.947036940076663,500000.0,225.2107217,18.9,2688.24,53.47,299578994,3,2
ZAF,2003,0.4759651328816833,33925.70868533466,46.05065148352061,2.2240305102559565,Lower Middle Income,21.388,12.831,8.557,54.245,48.6,0.996556488051653,490000.0,244.9978687,23.3,4062.22,45.72,55414728,3,2
ZAF,2004,0.2785980553406736,33933.60456994196,28.61022267603151,2.741516223895065,Lower Middle Income,22.136,13.103,9.033,53.963,49.0,1.00742279739678,470000.0,258.8787733,19.6,5221.46,45.64,14004304,3,2
ZAF,2005,0.2099877442061544,38382.73796404303,24.486157942503414,4.274109933920027,High Income,22.718,13.333,9.385,53.914,47.9,1.01260946155511,460000.0,278.8084738,28.5,5836.88,47.43,345482097,3,2
ZAF,2006,0.4050334404088146,40535.96093810974,41.68248644377179,3.2861122172061683,High Income,23.144,13.392,9.752,54.22,46.0,1.02172490694402,440000.0,283.4149713,21.9,6077.38,53.77,52941162,3,2
ZAF,2007,0.5402849416620269,22080.08649809151,47.81276900539765,2.6692381054668988,Upper Middle Income,23.088,13.122,9.966,54.948,43.8,1.05506511201209,420000.0,271.9468869,24.9,6591.86,57.13,279749318,3,2
ZAF,2008,0.3291622291396961,69663.98534236706,46.53998969540129,1.8520457390715,Lower Middle Income,24.33,12.683,11.647,55.982,40.6,1.15309551684298,400000.0,271.6270085,28.8,6184.75,65.97,284667256,3,2
ZAF,2009,0.3027877585761428,41980.289979370886,31.370097609496636,3.686189245511728,Low Income,22.779,12.067,10.712,57.413,37.7,1.19390450655684,370000.0,241.0636727,28.4,6374.71,49.59,169494954,3,2
ZAF,2010,0.5063982207101523,43036.837482906805,59.237221842769074,1.9088496191537931,Upper Middle Income,22.178,11.349,10.829,58.886,35.4,1.1829095702162,350000.0,226.0632028,26.2,7973.47,50.41,36859402,3,2
ZAF,2011,0.5461692251795822,1161.4210506753748,34.418275703191114,3.617951798354819,High Income,22.075,10.721,11.354,60.602,33.9,1.23631458705301,330000.0,202.03339,24.9,8646.06,54.64,246858672,3,2
ZAF,2012,0.6315486162201327,22126.78527517937,57.58815381546168,1.2943776841501542,Lower Middle Income,22.118,10.149,11.969,61.737,33.0,1.47479434391075,310000.0,193.8049298,22.4,8076.98,55.58,173856822,3,5
ZAF,2013,0.4438172830036321,68209.91260375462,35.843834554931526,3.6441016414179273,Low Income,21.894,9.962,11.932,62.388,32.0,1.65265199501405,300000.0,179.7353094,24.2,7331.65,58.88,15423704,3,5
ZAF,2014,0.366766139862726,14396.99978117002,28.613303048476304,4.881175340946151,Upper Middle Income,21.784,9.647,12.137,63.184,30.9,1.66144540694123,280000.0,162.1404439,27.8,6856.73,59.5,110948910,3,5
ZAF,2015,0.3776226667606847,4443.139626308619,30.13425785104716,3.872068964571073,Upper Middle Income,21.007,9.217,11.79,64.053,29.7,2.00988840160514,270000.0,150.4174191,24.6,6112.27,56.73,219843596,3,5
ZAF,2016,0.6186571294088061,68033.22976652448,30.986551671438782,3.7389894088136537,Lower Middle Income,20.27,9.069,11.201,64.749,28.4,0.940521897823675,260000.0,141.1707763,21.7,5651.21,55.86,12350423,3,5
ZAF,2017,0.2689607416402259,43250.37033587888,27.13799994619493,4.037576269982351,Low Income,20.038,8.83,11.208,65.422,27.3,0.653837462693277,240000.0,133.6857791,26.0,6618.34,53.54,223700898,3,5
ZAF,2018,0.5039647855295728,64833.51742838424,59.13801777999811,2.4087471588152,Low Income,19.85,8.789,11.061,65.726,26.3,1.68236992028419,220000.0,127.517952,20.4,6914.18,54.49,142431738,3,5
ZAF,2019,0.614774016919214,1031.4591112308883,45.00286291274547,2.8134757156303043,Upper Middle Income,19.694,8.75,10.944,66.071,25.6,1.64957495527878,210000.0,119.4523829,19.4,6533.71,53.9,31800236,3,5
ZAF,2020,0.3381009203048551,46989.16867317269,29.89887279843903,1.1595206201218025,Low Income,19.522,9.683,9.839,65.15,25.0,1.62216431400652,200000.0,118.2862771,23.1,5580.6,50.76,293900945,3,5
ZAF,2021,0.3577446877346437,46885.98836709484,37.55361134872415,4.746529292477785,Lower Middle Income,19.354,11.933,7.421,62.01,24.7,1.54055743832642,190000.0,191.1687609,20.1,6828.76,56.16,223322985,3,5
ZAF,2022,0.4882622882417653,24900.69845471112,53.541196905511626,1.540618395235545,Lower Middle Income,19.079,9.402,9.677,65.454,24.5,1.41397227960081,180000.0,129.2300285,20.1,6534.25,64.95,185307831,3,5
ZAF,2023,0.4817288576574705,36462.62897498592,40.20588608500806,4.729326055929638,Lower Middle Income,18.775,9.239,9.536,66.139,24.4,1.32810094082844,170000.0,117.5665428,20.1,6034.27,65.68,21311510,3,5
