country,year,gini_index,top_10percent_income_share_percent,bottom_10percent_income_share_percent,life_expectancy,pop_growth,gdp_per_capita,trade_percent_gdp,income_group_Low Income,income_group_Lower Middle Income,income_group_Upper Middle Income
AUS,2000,0.3966057546573382,0.493794522048329,0.04722631334448369,79.2341463414634,1.14447285147721,21909.0,0.4086,False,False,False
AUS,2001,0.2694686693726962,0.27718644770172374,0.0345658788661336,79.6341463414634,1.28396809127349,19733.65,0.4413,False,False,False
AUS,2002,0.5207147319526648,0.4950612915336982,0.03231760882178348,79.9365853658537,1.1375387361946,20335.1,0.4138,False,False,False
AUS,2003,0.2854947219937822,0.5051114546345034,0.01732079800360583,80.2390243902439,1.15019273319182,23757.59,0.40130000000000005,False,False,False
AUS,2004,0.4612725194063172,0.20593577721700984,0.017771066629765592,80.490243902439,1.06919812205752,30886.05,0.36950000000000005,False,False,False
AUS,2005,0.2725678641661558,0.41120067969950486,0.042863712322099484,80.8414634146341,1.21729073052406,34535.21,0.391,False,False,False
AUS,2006,0.5843554172710759,0.5004192024559202,0.012050024452834708,81.0414634146342,1.34945083098893,36658.82,0.41490000000000005,False,False,False
AUS,2007,0.4027292815432317,0.2500781206180568,0.010622851922978618,81.2926829268293,1.82499679529254,41128.25,0.4193,False,False,False
AUS,2008,0.5386768509895581,0.5133976936530634,0.044061892272667574,81.3951219512195,2.00391140524272,49811.21,0.4275,False,False,False
AUS,2009,0.382686409603907,0.48904209820744393,0.017050267325664937,81.5439024390244,2.06083316277243,42954.85,0.4559,False,False,False
AUS,2010,0.5375345175349674,0.5136709639043814,0.01032336286134944,81.6951219512195,1.55570626204128,52313.89,0.4039,False,False,False
AUS,2011,0.5470670662205206,0.5196124232518269,0.043828648629342146,81.8951219512195,1.38952731561803,62799.39,0.4172,False,False,False
AUS,2012,0.6396076891135825,0.41608167168094357,0.03234739610002501,82.0463414634146,1.74582000067359,68301.44,0.4302,False,False,False
AUS,2013,0.3550411320152428,0.3102262749452542,0.014223279818302874,82.1487804878049,1.721151439989,68476.68,0.41100000000000003,False,False,False
AUS,2014,0.3699148809982805,0.4624322178141702,0.010982276867575184,82.3,1.49156648912847,62817.21,0.423,False,False,False
AUS,2015,0.6023452343071939,0.41543703584607866,0.012718992280371435,82.4,1.43921665259925,56970.36,0.41490000000000005,False,False,False
AUS,2016,0.2818099283054112,0.21634844259354907,0.02844728263007737,82.4487804878049,1.56194049810399,50084.44,0.4081,False,False,False
AUS,2017,0.3741291909669653,0.3243834815140154,0.015599318038205613,82.5,1.64682779735017,54117.55,0.4204,False,False,False
AUS,2018,0.237122425470841,0.5520001863480922,0.031765685612718336,82.7487804878049,1.49599671041328,57410.17,0.4357,False,False,False
AUS,2019,0.6386324620188788,0.40588151377090936,0.03658050325127805,82.9,1.47749071058438,55194.76,0.46,False,False,False
AUS,2020,0.6397559967263522,0.46868913638572984,0.021714097055924718,83.2,1.23342825131378,51983.45,0.445,False,False,False
AUS,2021,0.4872777696254009,0.3664989188971234,0.04424334743647531,83.3,0.14089508329287,60758.9,0.402,False,False,False
AUS,2022,0.3412712090920658,0.30488875956567335,0.02430793975677324,83.2,1.28931130985537,65169.52,0.4569,False,False,False
AUS,2023,0.5510145540425404,0.528151645843981,0.04216353541384228,83.0512195121951,2.43450716351535,65058.38,0.4904,False,False,False
BRA,2000,0.5445851416650389,0.5113898550938332,0.029988550327951117,69.584,1.37521128317928,3766.55,0.22640000000000002,False,False,False
BRA,2001,0.4157192504535987,0.27728401966719596,0.037856414575967265,69.98,1.30335503159977,3176.29,0.26940000000000003,False,False,False
BRA,2002,0.4187259052502932,0.49891921872148715,0.022728378671840223,70.396,1.24142062598122,2855.94,0.2762,False,False,False
BRA,2003,0.2965472390242214,0.2547407711510691,0.030008077391481067,70.884,1.18021395482771,3090.61,0.2814,False,False,False
BRA,2004,0.2365968459466682,0.36638243914119223,0.03832267619210345,71.361,1.12991417032023,3663.82,0.2968,False,False,False
BRA,2005,0.5997601757360022,0.2337910874628754,0.04832540865236556,71.832,1.09590612526605,4827.78,0.2709,False,False,False
BRA,2006,0.5006260017681718,0.32752528516460366,0.03058232526552784,72.296,1.05833842529955,5934.15,0.26039999999999996,False,False,False
BRA,2007,0.4510875340021527,0.25124672601319825,0.017939086529432425,72.73,1.01236820635667,7409.69,0.2529,False,False,False
BRA,2008,0.5316441457095018,0.5047689323029914,0.0451285982542438,73.111,0.957984635895359,8908.33,0.2726,False,False,False
BRA,2009,0.6106190039871481,0.3340073742875409,0.011418685057872554,73.457,0.895632239477021,8678.66,0.2211,False,False,False
BRA,2010,0.3084191670148222,0.5595739344985641,0.03363712161212098,73.779,0.84088322514573,11403.28,0.22769999999999999,False,False,False
BRA,2011,0.2993207020014585,0.3846982366959979,0.04303664434747288,74.047,0.81381388423754,13396.63,0.23929999999999998,False,False,False
BRA,2012,0.4428344597656195,0.30477061573491343,0.02156946732174414,74.335,0.811598483382088,12521.72,0.2511,False,False,False
BRA,2013,0.5657091167579151,0.29515674240020573,0.040437513015360374,74.609,0.810511647523289,12458.89,0.2579,False,False,False
BRA,2014,0.2655965275425412,0.42463474812339624,0.048832533632096234,74.823,0.806314177734439,12274.99,0.2469,False,False,False
BRA,2015,0.2705699988306125,0.2480710480131675,0.016693802843341442,75.106,0.791721773592796,8936.2,0.2695,False,False,False
BRA,2016,0.3018105627258173,0.4704410734016486,0.03764717138863666,75.081,0.761972670496742,8836.29,0.24530000000000002,False,False,False
BRA,2017,0.4181464656415989,0.528254011895648,0.014204240261762343,75.383,0.72824666001736,10080.51,0.2432,False,False,False
BRA,2018,0.3404321143275844,0.46948310008982147,0.01055415962318888,75.633,0.683439571425594,9300.66,0.2888,False,False,False
BRA,2019,0.4891704413177203,0.4728692073858297,0.029165593514015608,75.809,0.651994346081362,9029.83,0.2889,False,False,False
BRA,2020,0.445538893670504,0.564170829116093,0.013223859344091458,74.506,0.579350709708032,7074.19,0.32299999999999995,False,False,False
BRA,2021,0.2552253720184509,0.3964864887988186,0.0366841972724513,73.038,0.425360907216456,7972.54,0.3766,False,False,False
BRA,2022,0.5825266414229948,0.4208188594856482,0.03176784807830246,74.872,0.360180890872169,9281.33,0.3882,False,False,False
BRA,2023,0.3313612622584283,0.3676804283539445,0.01966355574503524,75.848,0.395928695574996,10377.59,0.3367,False,False,False
CAN,2000,0.4822867346412329,0.3165214507254366,0.010337124720736206,79.1668292682927,0.931281553452429,24271.0,0.8277,False,False,False
CAN,2001,0.4557417993694589,0.29753678072362516,0.026234359025129175,79.3980487804878,1.0861994547665,23822.1,0.7834,False,False,False
CAN,2002,0.628327914975521,0.20731144562414627,0.025367269154373925,79.5307317073171,1.08479328329522,24256.02,0.7570999999999999,False,False,False
CAN,2003,0.597504589021771,0.5003229870350947,0.036511155083547985,79.7151219512195,0.899226809998674,28301.86,0.6984,False,False,False
CAN,2004,0.556762986939209,0.5325439266945557,0.015210827108345369,79.9921951219512,0.932186964148048,32145.54,0.7019,False,False,False
CAN,2005,0.2499251079872346,0.5014472381537008,0.03469364592854218,80.1126829268293,0.94708626967041,36383.66,0.6976,False,False,False
CAN,2006,0.2554163458743482,0.38337000135486304,0.04408285734752768,80.5436585365854,1.01355939144957,40504.04,0.6805,False,False,False
CAN,2007,0.5606190575267025,0.5009734984326336,0.02971443181643492,80.5436585365854,0.970654173316653,44660.08,0.6628000000000001,False,False,False
CAN,2008,0.2626980315113597,0.520000880409726,0.0424143033894189,80.7246341463415,1.083871149194,46710.25,0.6701999999999999,False,False,False
CAN,2009,0.6112608592377659,0.5880193992834254,0.02388659174100394,81.0660975609756,1.14470768476526,40874.88,0.5847,False,False,False
CAN,2010,0.5055166151913155,0.5734779163698582,0.04386775561116418,81.3221951219512,1.11135202971694,47560.67,0.6021,False,False,False
CAN,2011,0.2209616817754617,0.39210940008541095,0.014453895342229161,81.4826829268293,0.97540725097113,52223.86,0.625,False,False,False
CAN,2012,0.4289982846282165,0.2935236484750681,0.03812348827525305,81.6636585365854,1.08374652233653,52670.34,0.626,False,False,False
CAN,2013,0.3511673578466221,0.3171467034062107,0.023971158642690785,81.7448780487805,1.05338098055318,52638.12,0.6223,False,False,False
CAN,2014,0.536855160736982,0.496413400061968,0.033800798578471875,81.7843902439025,1.00142284689661,50960.84,0.6437999999999999,False,False,False
CAN,2015,0.4245419079159085,0.4743286381170933,0.031434368778967714,81.8258536585366,0.760300145238936,43594.19,0.6616,False,False,False
CAN,2016,0.6314317874398805,0.5682262252405985,0.011118212108279924,81.94,1.13153974027004,42314.06,0.6536,False,False,False
CAN,2017,0.2002849402546165,0.5574639542635513,0.021813003010137343,81.8129268292683,1.19543575451553,45129.63,0.6509999999999999,False,False,False
CAN,2018,0.4725529734320269,0.3368035722463392,0.02631023015123421,81.8087804878049,1.43322615679352,46539.18,0.6659999999999999,False,False,False
CAN,2019,0.2677474678607103,0.27651725889632744,0.011435665189009648,82.1636585365854,1.46171259938134,46352.87,0.6617000000000001,False,False,False
CAN,2020,0.6322099066316224,0.24404489965697318,0.047793680658441494,81.5351219512195,1.08436897113225,43537.84,0.6115999999999999,False,False,False
CAN,2021,0.2780411396116197,0.3062513710475253,0.04381725660324962,81.5168292682927,0.553902422386893,52886.66,0.6225,False,False,False
CAN,2022,0.585071055821822,0.4880692256319048,0.03621149226269168,81.2453658536585,1.80390457488184,56256.8,0.6731999999999999,False,False,False
CAN,2023,0.5381623903667112,0.3559024822161099,0.0314257740106227,81.6465853658537,2.90468017061162,54220.33,0.6663,False,False,False
CHN,2000,0.3199036164919988,0.23242102362128939,0.034462456095368445,72.288,0.787956592953992,969.2,0.3901,False,False,False
CHN,2001,0.3129374139378309,0.42320751532307654,0.04403082180591977,72.675,0.726380637838525,1065.41,0.38079999999999997,False,False,False
CHN,2002,0.4453072088646902,0.4979399130591423,0.03361080133800592,73.034,0.669999567758626,1163.56,0.4219,False,False,False
CHN,2003,0.5555309422788366,0.5866011652177205,0.023282812192572666,73.385,0.622860936133583,1306.97,0.5108,False,False,False
CHN,2004,0.5417184728918493,0.5519827826345833,0.04637629133570382,73.727,0.593932815112141,1530.93,0.5864,False,False,False
CHN,2005,0.2798411357431638,0.3312614189338097,0.042375478839333416,74.085,0.588124989556992,1777.64,0.6136,False,False,False
CHN,2006,0.3478426122076076,0.28671928164754307,0.01146485174483276,74.404,0.558374367373002,2129.26,0.6357,False,False,False
CHN,2007,0.5824815738839111,0.46493538549950353,0.02043548351448858,74.789,0.522271866392275,2734.73,0.6127,False,False,False
CHN,2008,0.3410405057954637,0.35153672853654216,0.024114360221405826,74.833,0.51238693163744,3523.44,0.5671,False,False,False
CHN,2009,0.2282601686860428,0.5398652105683296,0.018917896437935577,75.317,0.497381400884935,3898.24,0.44420000000000004,False,False,False
CHN,2010,0.2918472682953668,0.57060097217892,0.01929811474695459,75.668,0.482959688678361,4629.25,0.4985,False,False,False
CHN,2011,0.2670818515721803,0.3843074362358189,0.04482212999324119,75.889,0.546457594880274,5703.76,0.49950000000000006,False,False,False
CHN,2012,0.4259339499133185,0.502299937779664,0.029796302682657996,76.2,0.678345458846803,6405.06,0.47479999999999994,False,False,False
CHN,2013,0.2926118219682245,0.5628868344603419,0.03584451848418664,76.452,0.666072977690069,7147.04,0.4592,False,False,False
CHN,2014,0.3688284661870891,0.5574187426785255,0.04724905462136639,76.714,0.630326389541893,7781.07,0.4407,False,False,False
CHN,2015,0.2337405023997716,0.4139288106615128,0.043661522950822415,76.975,0.581456146657648,8175.33,0.387,False,False,False
CHN,2016,0.3281294194898375,0.41638880965070507,0.026615391013783466,77.214,0.573050906069647,8254.87,0.3618,False,False,False
CHN,2017,0.5764539116486855,0.5496094679785724,0.022505687523527204,77.235,0.605245013482969,8979.68,0.36950000000000005,False,False,False
CHN,2018,0.311396476298486,0.29276335616023347,0.043904879436599875,77.709,0.467672053461959,10085.66,0.3689,False,False,False
CHN,2019,0.3360617052851177,0.3647952667531536,0.037974433746083884,77.94,0.354740890170827,10342.9,0.35200000000000004,False,False,False
CHN,2020,0.4809514322914009,0.33769664875268,0.017089847995841775,78.019,0.238040870229883,10627.46,0.3404,False,False,False
CHN,2021,0.2486405821741503,0.3968204488145773,0.019040882258092407,78.117,0.0892522000412526,12887.44,0.3652,False,False,False
CHN,2022,0.5000144488463243,0.41259617647424135,0.040753188762900204,78.202,-0.0130995013525784,12970.61,0.37439999999999996,False,False,False
CHN,2023,0.49134387670606,0.4202915333823896,0.017129493204429417,77.953,-0.103794531589067,12951.18,0.3611,False,False,False
DEU,2000,0.6017790932640162,0.39347684931238275,0.024777437770917596,77.9268292682927,0.135431600393084,23925.86,0.5920000000000001,False,False,False
DEU,2001,0.3145061156810922,0.2588310425665203,0.03386175465682432,78.3292682926829,0.168225361337335,23878.36,0.5956,False,False,False
DEU,2002,0.6308357462979612,0.4933413223767672,0.036573301861555794,78.2292682926829,0.168128319406931,25486.59,0.5832999999999999,False,False,False
DEU,2003,0.3431940276994311,0.5185116834093715,0.023228608413900346,78.3804878048781,0.0553633035873241,30711.1,0.5891,False,False,False
DEU,2004,0.4010468963889896,0.47110428848726327,0.02159661701138495,78.6804878048781,-0.021709727650009,34566.74,0.6291,False,False,False
DEU,2005,0.6371924900384944,0.3515260957210643,0.04483976202729918,78.9317073170732,-0.0567782618352031,35084.44,0.6695,False,False,False
DEU,2006,0.4972560464022636,0.573312807882926,0.011721822190192101,79.1317073170732,-0.112797497644931,36980.33,0.7276,False,False,False
DEU,2007,0.5502874329713913,0.5178730566519266,0.031525876358227525,79.5341463414634,-0.133718572600486,42350.92,0.7487999999999999,False,False,False
DEU,2008,0.4505653350717344,0.3428076250620791,0.049511103113208624,79.7365853658537,-0.190142844695674,46379.16,0.7611,False,False,False
DEU,2009,0.5654927995964398,0.5421689119297067,0.03387210396906108,79.8365853658537,-0.253383410163402,42471.89,0.6614,False,False,False
DEU,2010,0.4346485058104403,0.2202052846382965,0.014432942497532433,79.9878048780488,-0.153198446937304,42396.97,0.7389,False,False,False
DEU,2011,0.5494227334218416,0.2686568907521135,0.01866316484581364,80.4365853658537,-1.8537146287573,47630.98,0.7843000000000001,False,False,False
DEU,2012,0.4873994473532017,0.508172716716397,0.04382071012751995,80.5390243902439,0.187727800567293,44718.02,0.7933,False,False,False
DEU,2013,0.3304047318334266,0.4752029337311129,0.029690491296522015,80.490243902439,0.272900214681538,47206.84,0.7759,False,False,False
DEU,2014,0.6440249444666646,0.4589211055344954,0.012346817486964866,81.090243902439,0.416877359168292,48959.6,0.7685,False,False,False
DEU,2015,0.4041384945770438,0.3984316496777734,0.03224093521375358,80.6414634146341,0.865702643950251,41929.75,0.7776000000000001,False,False,False
DEU,2016,0.2010203333358485,0.5834889503550891,0.025039346108490377,80.990243902439,0.807218538573871,42948.94,0.7601,False,False,False
DEU,2017,0.4470985614219577,0.2835756986796882,0.019813443061928074,80.9926829268293,0.373724559895838,45553.93,0.7745000000000001,False,False,False
DEU,2018,0.5162917351183464,0.34443679596676186,0.03988734462572031,80.8926829268293,0.300526701992065,48916.17,0.7913,False,False,False
DEU,2019,0.4611999247242191,0.39473698998569484,0.04444589483214134,81.2926829268293,0.22551987421288,47656.2,0.7907,False,False,False
DEU,2020,0.5434176167107962,0.25833764791439207,0.026920764884936377,81.0414634146342,0.0816931586494595,47394.87,0.7293000000000001,False,False,False
DEU,2021,0.4382943454255933,0.3410232171833166,0.03597259767259504,80.790243902439,0.0423270572552137,52349.25,0.7992,False,False,False
DEU,2022,0.391549623989857,0.4162226308660468,0.03567585754550415,80.6080487804878,-0.0219565701848977,50506.52,0.8879,False,False,False
DEU,2023,0.633543900631536,0.5780261181235371,0.04866636966852529,80.5414634146342,0.131511079477747,54776.77,0.8195999999999999,False,False,False
FRA,2000,0.3615199156044677,0.3301885797539434,0.01310796840946955,79.0560975609756,0.686335719566776,22340.59,0.5779,False,False,True
FRA,2001,0.2507136947915803,0.5691689174418696,0.026165562055001507,79.1585365853659,0.7289939490983,22331.79,0.5689,False,False,True
FRA,2002,0.4509925361383265,0.5654525447293947,0.027949889835436944,79.2609756097561,0.727033002641047,24144.57,0.5513,False,False,True
FRA,2003,0.3830247481620227,0.325767852703873,0.01210542590086428,79.1146341463415,0.705638836747311,29479.52,0.526,False,False,True
FRA,2004,0.434151367251383,0.311335500434731,0.02892875302956209,80.1634146341463,0.732625502527391,33644.93,0.5375,False,False,True
FRA,2005,0.5337589670151661,0.2688484774867352,0.02488329950448566,80.1634146341463,0.751885116821619,34696.37,0.5582,False,False,True
FRA,2006,0.2313313662605445,0.22515245062342962,0.04849661118647775,80.8121951219512,0.696338574828463,36431.57,0.5787,False,False,True
FRA,2007,0.441640121016834,0.3010263634315736,0.04429214319366512,81.1121951219512,0.618225682593305,41486.19,0.5815,False,False,True
FRA,2008,0.2281329893501976,0.5852899631060008,0.0471533145687108,81.2146341463415,0.558020613148126,45464.82,0.5918,False,False,True
FRA,2009,0.374412034811081,0.49143489739087803,0.029412661069596998,81.4146341463415,0.513351013325229,41728.09,0.522,False,False,True
FRA,2010,0.4193722955734156,0.27073063920371815,0.02571933126176638,81.6634146341463,0.492976371032656,40694.82,0.5659000000000001,False,False,True
FRA,2011,0.3895884779507517,0.4047466959733905,0.013676498298518245,82.1146341463415,0.482667411007127,43929.78,0.6061,False,False,True
FRA,2012,0.2837324239116806,0.21802870591361992,0.040141703365304086,81.9682926829268,0.483714919435185,40863.58,0.6165999999999999,False,False,True
FRA,2013,0.6237671618011383,0.38112597403832416,0.024539030746166476,82.219512195122,0.516915013016667,42669.18,0.6182,False,False,True
FRA,2014,0.5943713626325529,0.5792709537471236,0.01879454552095033,82.719512195122,0.474847846171767,43148.05,0.622,False,False,True
FRA,2015,0.2389897733103582,0.3840088360813555,0.0310731574481026,82.3219512195122,0.355569240058298,36702.43,0.635,False,False,True
FRA,2016,0.4939054145719035,0.4913297959136493,0.03258105482066669,82.5731707317073,0.263868788565368,37024.22,0.6334000000000001,False,False,True
FRA,2017,0.3412455350378728,0.3579342112935962,0.025852653584852045,82.5756097560976,0.29020211635109,38687.16,0.654,False,False,True
FRA,2018,0.6364852374970662,0.35754286474371577,0.0156080565526931,82.6756097560976,0.358494581816163,41418.18,0.6679999999999999,False,False,True
FRA,2019,0.598863684293204,0.48342680469430505,0.04726540396128275,82.8268292682927,0.332559129027963,40408.28,0.6643000000000001,False,False,True
FRA,2020,0.5329859373742373,0.39243970181601967,0.04050750001642291,82.1756097560976,0.324557781035362,39169.86,0.5884,False,False,True
FRA,2021,0.509046920767199,0.41934285443061825,0.04239842891858907,82.3243902439024,0.356902332389048,43725.1,0.6379,False,False,True
FRA,2022,0.2026876435313209,0.5723546983377953,0.028123026316211157,82.1292682926829,0.502320929337976,40988.64,0.7595999999999999,False,False,True
FRA,2023,0.5214894151398983,0.20053225006745948,0.026532151205105433,82.9292682926829,0.275093143443794,44700.14,0.7062999999999999,False,False,True
GBR,2000,0.552367516493047,0.4539164569334064,0.018852568753718223,77.7414634146342,0.357300887421605,28383.88,0.5234000000000001,False,False,False
GBR,2001,0.587799740486211,0.2735741854655075,0.043991017180883725,77.9926829268293,0.384975969564228,28013.87,0.5263,False,False,False
GBR,2002,0.2933194340707682,0.37003227283978235,0.0285270919142025,78.1439024390244,0.423337079636281,30158.7,0.5124,False,False,False
GBR,2003,0.5986888300280194,0.5437658751820721,0.028538383622577233,78.4463414634146,0.465641113602993,34556.77,0.5007,False,False,False
GBR,2004,0.5582926811219155,0.46112579295020373,0.03028586454049422,78.7463414634146,0.568943113421317,40504.41,0.5029,False,False,False
GBR,2005,0.3777694944201596,0.41595470156112596,0.02702029476949475,79.0487804878049,0.68661130607346,42240.25,0.5254,False,False,False
GBR,2006,0.5538658335711967,0.26261066791577664,0.016383354323469487,79.2487804878049,0.73504867842129,44695.16,0.5670000000000001,False,False,False
GBR,2007,0.399103276266023,0.21835382088905297,0.04715685018322638,79.4487804878049,0.778666112441256,50629.08,0.5275,False,False,False
GBR,2008,0.4001962124066381,0.2885562766165042,0.024945982842310737,79.6,0.787032622318939,47652.4,0.5644,False,False,False
GBR,2009,0.5306295962613715,0.3133237007685217,0.03810189192149093,80.0512195121951,0.756390859593407,39009.37,0.5465,False,False,False
GBR,2010,0.5416457807988988,0.24207577876103317,0.043822581433352645,80.4024390243902,0.783888646646516,39778.32,0.5905,False,False,False
GBR,2011,0.566183550734683,0.2536594129895039,0.04401720394340448,80.9512195121951,0.781506562236639,42295.93,0.6332,False,False,False
GBR,2012,0.442128071951573,0.3539326017474126,0.01708386305735,80.9048780487805,0.712282568284022,42688.33,0.6197,False,False,False
GBR,2013,0.2155593565538485,0.4533966906082066,0.03166483849217807,81.0048780487805,0.669537112028056,43606.98,0.6172,False,False,False
GBR,2014,0.5655144838727177,0.23944040250121154,0.0375250758285916,81.3048780487805,0.747135714780007,47746.24,0.5882000000000001,False,False,False
GBR,2015,0.5234857583643041,0.2364116189434865,0.02360388565999889,80.9560975609756,0.721624002974263,45255.34,0.5713,False,False,False
GBR,2016,0.5898193848037352,0.25985521558341973,0.049864426185891465,81.1560975609756,0.79421971482011,41257.91,0.5984,False,False,False
GBR,2017,0.3534083368429673,0.5878101066609936,0.03548178279954515,81.2560975609756,0.545706020084833,40916.81,0.6319,False,False,False
GBR,2018,0.2766817101303849,0.2063326917744956,0.01632064906239949,81.2560975609756,0.488451313281444,43703.0,0.6491,False,False,False
GBR,2019,0.5469486056822399,0.5693275122139376,0.03447543648909262,81.3691219512195,0.514596380840432,43158.74,0.65,False,False,False
GBR,2020,0.3383342624809038,0.49654167566505053,0.01892275518526688,80.331756097561,0.169447088341033,40812.68,0.5916,False,False,False
GBR,2021,0.4302311198014903,0.30225712804645877,0.010226577619694357,80.6473170731707,0.358937930235741,47691.38,0.5854,False,False,False
GBR,2022,0.4127669006508827,0.5672144187378552,0.0245917294540509,81.0112195121951,0.921336799385098,47057.04,0.6920000000000001,False,False,False
GBR,2023,0.298397052202306,0.4233017145286901,0.041517053917553476,81.2380975609756,1.30497972307431,49944.47,0.6498999999999999,False,False,False
IND,2000,0.2932446424167425,0.4038898746401432,0.047845290827136136,62.749,1.87939826197393,442.75,0.26899999999999996,True,False,False
IND,2001,0.6293143270533464,0.377192970655944,0.019449266754639115,63.158,1.87060822112685,450.36,0.25989999999999996,True,False,False
IND,2002,0.3521773589681045,0.5226064478292697,0.04435895964978283,63.649,1.81129424097937,469.15,0.29510000000000003,True,False,False
IND,2003,0.3209586429972125,0.46388072593943763,0.04114987241816552,64.086,1.73438204419235,544.14,0.3059,True,False,False
IND,2004,0.226336488483158,0.2602948996301939,0.018610025380481416,64.484,1.7035704679088,624.26,0.375,True,False,False
IND,2005,0.6160213361875634,0.5272503416754453,0.02358824077145302,64.939,1.63142146860079,710.49,0.42,True,False,False
IND,2006,0.2691696490283201,0.2068087047254652,0.03662832218326225,65.373,1.56412522526913,801.67,0.4572,True,False,False
IND,2007,0.2099147919073524,0.4743355464430939,0.01855406264049053,65.803,1.50599144392136,1021.89,0.4569,True,False,False
IND,2008,0.3179914163096808,0.4820771981385575,0.012111465400292615,66.247,1.43877181746736,992.52,0.5337,True,False,False
IND,2009,0.4576042188232583,0.48131695798764385,0.04362971713106705,66.7,1.44601731955273,1094.95,0.46270000000000006,True,False,False
IND,2010,0.4212682003650029,0.43273805294010254,0.04079597997782429,67.162,1.45460361883041,1347.52,0.4926,True,False,False
IND,2011,0.5008682197749921,0.2541568189220433,0.03689136429374984,67.623,1.41682761544376,1445.46,0.5562,True,False,False
IND,2012,0.6285803281116806,0.4405692771344802,0.031268286221140626,68.076,1.37405616603306,1429.32,0.5579,True,False,False
IND,2013,0.4652578672610568,0.3849213049439794,0.014371483536443219,68.499,1.33270430507476,1432.84,0.5384,True,False,False
IND,2014,0.2653490996837278,0.48011014315852835,0.021494742863354684,68.932,1.26129027125347,1553.88,0.4892,True,False,False
IND,2015,0.2867707797577425,0.5955942173361932,0.01865265363546268,69.326,1.19285563384335,1584.0,0.4192,True,False,False
IND,2016,0.2122005565567253,0.3920510819377382,0.026565686506489942,69.709,1.19162966402099,1707.51,0.4008,True,False,False
IND,2017,0.332418583912355,0.551669176651529,0.04727352784279035,70.068,1.1623961434697,1950.1,0.40740000000000004,True,False,False
IND,2018,0.36175420466561,0.3869678482728503,0.021178390517174198,70.415,1.09729906702925,1966.25,0.4362,True,False,False
IND,2019,0.2023972907944161,0.44568977706037644,0.04075205505322552,70.746,1.04001395098104,2041.43,0.39909999999999995,True,False,False
IND,2020,0.5762765468161071,0.3841522948048612,0.017547504089992613,70.156,0.973438646910149,1907.04,0.3776,True,False,False
IND,2021,0.5047153230158506,0.5851246212342466,0.03454091787835248,67.282,0.822648220128724,2239.61,0.4542,True,False,False
IND,2022,0.5230447880732216,0.24021908931702318,0.02353912053113826,71.698,0.790200540609834,2347.45,0.5008,True,False,False
IND,2023,0.6205491347778558,0.4386277078858468,0.041751109265328316,72.003,0.883289539766135,2530.12,0.4499,True,False,False
JPN,2000,0.2789523989483369,0.587433134114059,0.0363995020811206,81.0760975609756,0.167275578113187,39169.36,0.1956,True,False,False
JPN,2001,0.635745561034281,0.34706539879546094,0.017030552156415822,81.4163414634146,0.240952587521069,34406.18,0.1956,True,False,False
JPN,2002,0.6452613047034499,0.410693392418973,0.04263540415565524,81.6907317073171,0.232527187105684,32820.79,0.2045,True,False,False
JPN,2003,0.3686426023973554,0.2256861302942904,0.047873579664239455,81.76,0.213980948779682,35387.04,0.2133,True,False,False
JPN,2004,0.4642171472806983,0.23699762433383093,0.04391087198425819,82.030243902439,0.0336622582725446,38298.98,0.2366,True,False,False
JPN,2005,0.3678135598350258,0.5992450327387437,0.01445241598228248,81.9551219512195,0.0093920965576633,37812.9,0.2623,True,False,False
JPN,2006,0.5742215548206833,0.3962759824386161,0.022880157841646983,82.3219512195122,0.0633735894181335,35991.55,0.3002,True,False,False
JPN,2007,0.3730017199671756,0.5092827705619556,0.02006831837658034,82.5070731707317,0.114908847726211,35779.02,0.3282,True,False,False
JPN,2008,0.4563581354312482,0.4971391218931924,0.0477287903903033,82.5875609756098,0.0484253945978966,39876.3,0.34130000000000005,True,False,False
JPN,2009,0.4897348418315837,0.23262135461663025,0.0286050483480129,82.9314634146342,-0.0124946312294096,41309.0,0.2439,True,False,False
JPN,2010,0.4796151998692675,0.23344306011907334,0.04248559065243404,82.8426829268293,0.0179605415195644,44968.16,0.285,True,False,False
JPN,2011,0.2188918145554733,0.3845110063845194,0.020584741165591187,82.5912195121951,-0.185226486410846,48760.08,0.3019,True,False,False
JPN,2012,0.4049015430258712,0.5000463805449238,0.012536033024963866,83.0960975609756,-0.159710675844347,49145.28,0.30469999999999997,True,False,False
JPN,2013,0.2713160390212338,0.4836305300449407,0.027506984369082155,83.3319512195122,-0.144271883387076,40898.65,0.3398,True,False,False
JPN,2014,0.4008846433054439,0.5494830758378426,0.011390538070029339,83.5878048780488,-0.132694222147042,38475.4,0.3743,True,False,False
JPN,2015,0.3140673142303709,0.31717902596115816,0.041856629566518325,83.7939024390244,-0.106124993746747,34960.64,0.3543,True,False,False
JPN,2016,0.3917211260817737,0.37911495634094367,0.04807783436247699,83.9848780487805,-0.0511374152133631,39375.47,0.3131,True,False,False
JPN,2017,0.5121153905443032,0.510119797459904,0.029802151376439028,84.099756097561,-0.081874296046114,38834.05,0.3442,True,False,False
JPN,2018,0.5005614660526903,0.3814688256476409,0.028842777654314537,84.2109756097561,-0.126880068088791,39751.13,0.3661,True,False,False
JPN,2019,0.5913318603960527,0.3682942443811764,0.04608226281761157,84.3563414634146,-0.140464977878172,40415.96,0.3522,True,False,False
JPN,2020,0.250897231355692,0.31613249848558594,0.03066174190371687,84.56,-0.294194617750067,40028.73,0.3134,True,False,False
JPN,2021,0.5308459583917652,0.3445692500440082,0.02490181047568431,84.4456097560976,-0.459952415807642,40094.56,0.3674,True,False,False
JPN,2022,0.4176689764369782,0.4057368780137882,0.01999441622919813,83.9963414634146,-0.443851919148528,34065.64,0.4681,True,False,False
JPN,2023,0.5393702047538433,0.2867955293724638,0.04381948168384952,84.0412195121951,-0.487370782049143,33836.18,0.4515,True,False,False
MEX,2000,0.5326475795584936,0.3636889613442635,0.0129710696450144,72.562,1.54272528221216,7524.03,0.4991,False,False,False
MEX,2001,0.5564076206759572,0.4801455316351685,0.03969443645745556,72.912,1.48303091731143,7952.76,0.4474,False,False,False
MEX,2002,0.5515358106595537,0.501912386175373,0.03829202002464565,73.106,1.43770526775457,7983.03,0.4521,False,False,False
MEX,2003,0.4056363525720535,0.41267049442433346,0.031307151688044266,73.308,1.398263627903,7434.07,0.48700000000000004,False,False,False
MEX,2004,0.5660964045396278,0.33179353034814246,0.04817579662222812,73.432,1.3653083154997,7849.67,0.5204,False,False,False
MEX,2005,0.568392083393045,0.49830547405967024,0.01401408471830027,73.627,1.34857895792648,8671.76,0.5256000000000001,False,False,False
MEX,2006,0.572641082559163,0.5941175782919114,0.02719632734596792,73.746,1.35374920696209,9512.64,0.5448,False,False,False
MEX,2007,0.4307415313057642,0.5472341030650105,0.048144325838292715,73.796,1.40789058424163,10134.33,0.5526,False,False,False
MEX,2008,0.4091498799120217,0.5763088241810759,0.04299700085363876,73.695,1.46015632826518,10523.77,0.5637,False,False,False
MEX,2009,0.2427961039228447,0.38168184729645915,0.012419299215286663,73.628,1.4619172053372,8423.57,0.5459,False,False,False
MEX,2010,0.5596924420192431,0.2006309058561165,0.018006631803410892,73.718,1.43974472572946,9728.8,0.5927,False,False,False
MEX,2011,0.2140950121528736,0.5843676739825457,0.021060829432270934,73.921,1.41534883852036,10664.49,0.6215999999999999,False,False,False
MEX,2012,0.3505648488403293,0.3160814138822342,0.02567163011400933,74.128,1.35716327923769,10744.13,0.6426000000000001,False,False,False
MEX,2013,0.5092753928269812,0.3639206972320595,0.023488186047996486,74.289,1.29730808025224,11216.8,0.6269,False,False,False
MEX,2014,0.5497133686122271,0.5711718055820836,0.01376578761247655,74.404,1.21002702971431,11391.38,0.6409999999999999,False,False,False
MEX,2015,0.4202589214399549,0.31501631305426436,0.033749311671272146,74.431,1.06956376155677,10021.24,0.7041,False,False,False
MEX,2016,0.3477538183260816,0.41415965538484173,0.02597175329475682,74.376,0.969124204799117,9097.92,0.7569,False,False,False
MEX,2017,0.2761771918189744,0.3280117281664742,0.04074514451164354,74.261,0.935239396499786,9649.28,0.7695000000000001,False,False,False
MEX,2018,0.2455871006818512,0.4636737007937331,0.027742492732117,74.301,0.9466023549862,10084.79,0.8020999999999999,False,False,False
MEX,2019,0.4498871315535212,0.5199147563908113,0.023504320116439662,74.53,0.950144329831411,10369.56,0.7746,False,False,False
MEX,2020,0.2044168037792424,0.43203812668110075,0.03201398628270405,70.449,0.820454117563552,8841.27,0.7685,False,False,False
MEX,2021,0.3460986664947048,0.4270981070789568,0.02679034119420658,69.75,0.66740537533078,10314.05,0.8306999999999999,False,False,False
MEX,2022,0.5441237946027999,0.35430876200483824,0.018164578074704864,73.973,0.753116988604166,11405.79,0.888,False,False,False
MEX,2023,0.5659817104261851,0.23546321599571024,0.015155105254887889,75.069,0.872178517508623,13860.96,0.7358,False,False,False
NGA,2000,0.3146447579884162,0.37045723420840565,0.03946128051339417,47.143,2.67439784501828,547.32,0.5107910714285715,True,False,False
NGA,2001,0.2511032353663349,0.3525069316063486,0.03469692578693384,47.549,2.7163954653619,566.43,0.5107910714285715,True,False,False
NGA,2002,0.4230045162466203,0.3012993858095324,0.04590659468546937,48.02,2.74147056608815,712.16,0.5107910714285715,True,False,False
NGA,2003,0.4652984737831946,0.5846185173152108,0.014888137201009686,48.618,2.75673506428828,763.39,0.5107910714285715,True,False,False
NGA,2004,0.6283028716104873,0.21841387034119425,0.020931326877350817,49.148,2.77053967849452,962.48,0.5107910714285715,True,False,False
NGA,2005,0.3247438731029132,0.5826668906596608,0.03730816903437269,49.538,2.76883385211034,1211.38,0.5107910714285715,True,False,False
NGA,2006,0.518359030462175,0.3293430983323206,0.027884651756616332,49.876,2.76124698861505,1599.54,0.5107910714285715,True,False,False
NGA,2007,0.5543555622234766,0.44933562910118796,0.03243458131127206,50.381,2.77180099910734,1815.53,0.5107910714285715,True,False,False
NGA,2008,0.4420120174614483,0.5713867858705981,0.04379308237212353,50.748,2.78453384410814,2154.11,0.5107910714285715,True,False,False
NGA,2009,0.5433611908199496,0.36032553429454295,0.0432427976238439,51.08,2.78730820935027,1820.49,0.5107910714285715,True,False,False
NGA,2010,0.32759537264031,0.4286316565996559,0.016860768699711967,51.315,2.795149361277,2202.26,0.5107910714285715,True,False,False
NGA,2011,0.2011444855799446,0.23534703519162026,0.040803857566666386,51.49,2.80278519998649,2418.41,0.5107910714285715,True,False,False
NGA,2012,0.382801197174868,0.40504762653986576,0.014244788189444534,51.688,2.77422930277333,2633.2,0.5107910714285715,True,False,False
NGA,2013,0.6266835104246005,0.2972107762564127,0.011667475840061527,51.827,2.71468991073627,2872.79,0.5107910714285715,True,False,False
NGA,2014,0.5741967458589678,0.32207185762278434,0.03568199246993946,51.94,2.64221399374699,3088.72,0.5107910714285715,True,False,False
NGA,2015,0.517110246012809,0.5725362698808533,0.028985675222184638,51.939,2.53617348598208,2585.73,0.5107910714285715,True,False,False
NGA,2016,0.356083375900992,0.21429429411137008,0.036235913408923424,52.189,2.47183239057048,2070.41,0.5107910714285715,True,False,False
NGA,2017,0.3796834625465425,0.22544561415888814,0.03719069938034203,52.397,2.43170936923065,1876.34,0.5107910714285715,True,False,False
NGA,2018,0.5209960606070521,0.23344080943154455,0.036277814682850115,52.669,2.31217263003389,2057.88,0.5107910714285715,True,False,False
NGA,2019,0.2118557859953494,0.28695604819699017,0.04891748193808553,53.009,2.1944019229433,3189.81,0.5107910714285715,True,False,False
NGA,2020,0.6392173712411013,0.31006306949789036,0.029931513186985868,53.072,2.13029714344341,2797.18,0.5107910714285715,True,False,False
NGA,2021,0.3313401490491687,0.403937508813525,0.01415374263082419,53.455,2.09618685225463,2787.49,0.5107910714285715,True,False,False
NGA,2022,0.2016188556269383,0.5608473186990515,0.016888232745368867,54.079,2.09281687128387,2899.16,0.5107910714285715,True,False,False
NGA,2023,0.4910576953325418,0.3621739931466837,0.03080854014858854,54.462,2.09838916935738,2138.76,0.5107910714285715,True,False,False
RUS,2000,0.2664762602359213,0.2826571433204552,0.02256301620205373,65.4836585365854,-0.420614990249978,1771.59,0.6809000000000001,False,False,False
RUS,2001,0.5637898946204998,0.4574098554400053,0.032572630379242365,65.3834146341463,-0.424090524785415,2100.35,0.6111,False,False,False
RUS,2002,0.6095322533728473,0.48959174205343226,0.04569081590575348,65.1287804878049,-0.460024258081391,2377.53,0.5965,False,False,False
RUS,2003,0.5241560336313498,0.48214498476908346,0.047528684857307414,65.0275609756098,-0.453780668020263,2975.12,0.5913,False,False,False
RUS,2004,0.532697268574434,0.3829019011708354,0.03604829998191126,65.4709756097561,-0.402681471328549,4102.36,0.5658,False,False,False
RUS,2005,0.2572285563364679,0.4366118809538331,0.038893106018331444,65.529756097561,-0.381452794741516,5323.46,0.5671,False,False,False
RUS,2006,0.4529591614270931,0.26973519104484134,0.049330142471450546,66.7275609756098,-0.327445270108383,6920.2,0.5473,False,False,False
RUS,2007,0.4320535198587647,0.5009336875709599,0.03832684975115086,67.5868292682927,-0.17108203294568,9101.24,0.5171,False,False,False
RUS,2008,0.5381822110128969,0.3910758395013157,0.04453754977795163,67.9492682926829,-0.0439492591634852,11635.28,0.5338,False,False,False
RUS,2009,0.4353765903611377,0.5357715176511506,0.019554069004548216,68.6846341463415,0.030107060167659,8562.82,0.4844,False,False,False
RUS,2010,0.5007130076693869,0.4225665480351973,0.031197823149695273,68.8412195121951,0.0448964884428055,10674.99,0.5036,False,False,False
RUS,2011,0.2282444273754386,0.4353785610873203,0.0192553589784766,69.6839024390244,0.118045544446964,14305.33,0.4804,False,False,False
RUS,2012,0.5230695255137383,0.5429540876469171,0.048677709161568446,70.0721951219512,0.251575708072649,15401.85,0.4715,False,False,False
RUS,2013,0.3722097092172193,0.3142671883884919,0.025297632325428445,70.5787804878049,0.297503474179596,15941.45,0.4629,False,False,False
RUS,2014,0.4133649195983579,0.2469590569062001,0.04538511740831603,70.7436585365854,0.299667432459938,14055.47,0.478,False,False,False
RUS,2015,0.4429415721726634,0.5993916812011684,0.04497758299557287,71.1834146341463,0.279352077762368,9277.71,0.4936,False,False,False
RUS,2016,0.2662662768213819,0.5790929738202515,0.0486052922842346,71.6512195121951,0.258751057379474,8663.16,0.46520000000000006,False,False,False
RUS,2017,0.4493065167692276,0.41706201482989674,0.020789329541655098,72.4514634146342,0.191382528772924,10658.91,0.46880000000000005,False,False,False
RUS,2018,0.3769372695136834,0.29054749087639725,0.03599625873313989,72.6621951219512,0.0721356165400605,11211.89,0.5158,False,False,False
RUS,2019,0.6167304091145367,0.4460047311467262,0.028574894682001254,73.0839024390244,0.037947213753429,11447.7,0.49229999999999996,False,False,False
RUS,2020,0.3704356994956388,0.46294126938468017,0.021284484455327348,71.3387804878049,-0.143202031827637,10108.33,0.4597,False,False,False
RUS,2021,0.2373147569934619,0.563726998642249,0.029043003336807476,69.900243902439,-0.343724409889771,12425.03,0.5059,False,False,False
RUS,2022,0.3207206198350315,0.28590549583425523,0.029107358962433084,72.5456097560976,-0.352843110363082,15619.61,0.4278,False,False,False
RUS,2023,0.3510277825341195,0.228137191975804,0.03193269077447835,73.2546341463415,-0.285217600763343,14159.39,0.4083,False,False,False
SAU,2000,0.5484997917379404,0.2810676400450649,0.02497387802766725,72.607,4.45983244526442,11714.56,0.6817,True,False,False
SAU,2001,0.4046792196306401,0.2711420970537159,0.01105433295391279,72.951,5.20103909905512,10805.31,0.6356,True,False,False
SAU,2002,0.4007450367269067,0.30814460129339327,0.04715384768827501,73.296,4.97645227766539,10586.05,0.6459,True,False,False
SAU,2003,0.6422368814299109,0.4400059430452167,0.0251020829395039,73.657,4.77427146298185,11487.22,0.6983,True,False,False
SAU,2004,0.4553619792046243,0.3378148039585361,0.028918627702476135,74.027,4.59154568390222,13154.5,0.7508,True,False,False
SAU,2005,0.5955237678522517,0.5265185971070876,0.011035876210652744,74.4,4.42738945238289,15975.75,0.8195,True,False,False
SAU,2006,0.2730135979538994,0.4176091589306637,0.011026179073498938,74.762,4.28087578648729,17563.61,0.8994,True,False,False
SAU,2007,0.6146135968233761,0.5522676787172304,0.02470452173886384,75.066,4.14945109151013,18596.15,0.9486,True,False,False
SAU,2008,0.5815054364497472,0.2253375810232695,0.04274937447150078,75.301,4.02875655811595,22320.49,0.961,True,False,False
SAU,2009,0.603083898603272,0.5537379687692603,0.041012586174576,75.447,3.91489465968371,17718.39,0.8486,True,False,False
SAU,2010,0.2274312594123847,0.522850301859388,0.02844345512018729,75.616,-0.992481797243179,22028.39,0.8255,True,False,False
SAU,2011,0.2098754835076901,0.2858618557621017,0.03527418053135893,75.808,4.53867163626294,27126.75,0.8436,True,False,False
SAU,2012,0.3844490831236332,0.2936865346658792,0.04453813337830312,76.09,4.20264227505544,28733.44,0.8173999999999999,True,False,False
SAU,2013,0.3797518514200388,0.5968908440990045,0.037885524051646566,76.517,5.41149124124804,27865.47,0.8025,True,False,False
SAU,2014,0.3295671585778619,0.335598379732813,0.035489708519356955,77.116,2.45043139330282,27805.49,0.78,True,False,False
SAU,2015,0.2539878983977073,0.21626154958217828,0.013463584221222505,77.776,5.18685551856216,23256.15,0.6711,True,False,False
SAU,2016,0.4879966809444458,0.3054025562693287,0.04911861232177765,78.354,3.74506540506437,22267.72,0.5792,True,False,False
SAU,2017,0.4979375775662071,0.21088784915979236,0.036402059849968985,78.721,0.0747825622238132,23929.29,0.5953,True,False,False
SAU,2018,0.511358427353704,0.2029904960989773,0.03579384416020886,78.75,-2.5537682578428,29360.07,0.591,True,False,False
SAU,2019,0.2983617556569533,0.2731693537896636,0.0416803021501162,78.313,-0.439701419074031,29566.79,0.5679,True,False,False
SAU,2020,0.3009024539871329,0.5179126644991622,0.018422047458562945,77.596,4.833138517103,24338.83,0.4753,True,False,False
SAU,2021,0.4709904173738901,0.24308290696645948,0.019674559484592753,77.089,-2.46456261487283,31920.77,0.5088,True,False,False
SAU,2022,0.2100656452250586,0.42414258455397097,0.020487744705586862,77.31,4.41891994509507,38510.23,0.5682,True,False,False
SAU,2023,0.3641566715257589,0.30817990482453456,0.02179214416165834,78.732,4.63821572656175,36156.85,0.5417000000000001,True,False,False
USA,2000,0.3331052401870229,0.30780945649918373,0.010963288689603452,76.6365853658537,1.11276899679534,36329.96,0.251,True,False,False
USA,2001,0.5087613469157066,0.5456347518773506,0.01441727850579345,76.8365853658537,0.989741382223669,37133.62,0.2297,True,False,False
USA,2002,0.2290931567085675,0.37200666283136985,0.013745022323759959,76.9365853658537,0.927797485710314,37997.76,0.2229,True,False,False
USA,2003,0.230673393004565,0.4045324636957468,0.04493423791131903,77.0365853658537,0.859481712840946,39490.27,0.2263,True,False,False
USA,2004,0.544657497411952,0.45343659585828006,0.032508045984635615,77.4878048780488,0.925483968943482,41724.63,0.2445,True,False,False
USA,2005,0.3741034664951178,0.3824640794579403,0.032254515386675425,77.4878048780488,0.921713167161207,44123.41,0.2564,True,False,False
USA,2006,0.4227329792524335,0.20372505606660934,0.02406539441846828,77.6878048780488,0.964253917136075,46302.0,0.2698,True,False,False
USA,2007,0.5015498776021552,0.5920899510715455,0.02009907724040699,77.9878048780488,0.951055242772428,48050.22,0.2801,True,False,False
USA,2008,0.240045317449634,0.584765688900051,0.011975273867549215,78.0390243902439,0.945865287282592,48570.05,0.2987,True,False,False
USA,2009,0.338180844110205,0.35231457557927415,0.01902283215469032,78.390243902439,0.876651298802912,47194.94,0.24760000000000001,True,False,False
USA,2010,0.4829540797121206,0.4671160012502034,0.04021268208983381,78.5414634146342,0.846129865832117,48642.61,0.2822,True,False,False
USA,2011,0.2532693387515383,0.2415943650474873,0.020616952764587262,78.6414634146341,0.79239433316435,50024.87,0.3084,True,False,False
USA,2012,0.5545055550076647,0.24293290166347425,0.04117044704586156,78.7414634146342,0.79838290137163,51708.4,0.3068,True,False,False
USA,2013,0.4893101833492585,0.49373048360273764,0.025270901180454195,78.7414634146342,0.756560083436754,53179.01,0.30010000000000003,True,False,False
USA,2014,0.311225374493348,0.5496948886201242,0.029478634055573764,78.8414634146341,0.796023797809134,54973.42,0.3,True,False,False
USA,2015,0.4337254059592998,0.20142118846116513,0.024813164516087293,78.690243902439,0.797904713382564,56572.92,0.2782,True,False,False
USA,2016,0.3126985636942234,0.4390035359229256,0.03221918718042771,78.5390243902439,0.785625485688815,57638.1,0.2661,True,False,False
USA,2017,0.4166993317251721,0.2934601078582699,0.01458458710914631,78.5390243902439,0.692906252591617,59635.1,0.2731,True,False,False
USA,2018,0.3178231938331004,0.35356251940522765,0.049017801414873684,78.6390243902439,0.586433075122573,62499.87,0.2761,True,False,False
USA,2019,0.2147068218123479,0.41454005234450525,0.04343832592197286,78.7878048780488,0.515108555014533,64746.45,0.2645,True,False,False
USA,2020,0.3849467536683992,0.22870469944112037,0.024479617927396388,76.9804878048781,0.408427566758519,63515.95,0.23399999999999999,True,False,False
USA,2021,0.604786096831604,0.4603372757352536,0.012907521185959543,76.3292682926829,0.157317408951545,70205.05,0.2561,True,False,False
USA,2022,0.3524372211442452,0.25205466344624894,0.03573528618172305,77.4341463414634,0.575744520494521,76657.25,0.2731,True,False,False
USA,2023,0.4544121296559476,0.5516990804437597,0.010820571393988182,78.3853658536585,0.83149318773707,81032.26,0.2529,True,False,False
ZAF,2000,0.5704453029793928,0.42258936505732336,0.03195548084372139,58.368,0.914659168313889,3217.85,0.4622,False,True,False
ZAF,2001,0.2709908849921936,0.21741170438432822,0.017180510035410764,57.161,0.859492168208101,2847.15,0.4917,False,True,False
ZAF,2002,0.2065016735714425,0.5521208906990708,0.03963464985322339,55.58,0.947036940076663,2688.24,0.5347,False,True,False
ZAF,2003,0.4759651328816833,0.4605065148352061,0.022240305102559567,54.245,0.996556488051653,4062.22,0.4572,False,True,False
ZAF,2004,0.2785980553406736,0.2861022267603151,0.02741516223895065,53.963,1.00742279739678,5221.46,0.45640000000000003,False,True,False
ZAF,2005,0.2099877442061544,0.24486157942503414,0.04274109933920027,53.914,1.01260946155511,5836.88,0.4743,False,True,False
ZAF,2006,0.4050334404088146,0.41682486443771793,0.032861122172061684,54.22,1.02172490694402,6077.38,0.5377000000000001,False,True,False
ZAF,2007,0.5402849416620269,0.4781276900539765,0.02669238105466899,54.948,1.05506511201209,6591.86,0.5713,False,True,False
ZAF,2008,0.3291622291396961,0.4653998969540129,0.018520457390715,55.982,1.15309551684298,6184.75,0.6597,False,True,False
ZAF,2009,0.3027877585761428,0.31370097609496633,0.03686189245511728,57.413,1.19390450655684,6374.71,0.4959,False,True,False
ZAF,2010,0.5063982207101523,0.5923722184276907,0.01908849619153793,58.886,1.1829095702162,7973.47,0.5041,False,True,False
ZAF,2011,0.5461692251795822,0.34418275703191115,0.03617951798354819,60.602,1.23631458705301,8646.06,0.5464,False,True,False
ZAF,2012,0.6315486162201327,0.5758815381546168,0.012943776841501543,61.737,1.47479434391075,8076.98,0.5558,False,True,False
ZAF,2013,0.4438172830036321,0.35843834554931525,0.036441016414179274,62.388,1.65265199501405,7331.65,0.5888,False,True,False
ZAF,2014,0.366766139862726,0.286133030484763,0.04881175340946151,63.184,1.66144540694123,6856.73,0.595,False,True,False
ZAF,2015,0.3776226667606847,0.3013425785104716,0.03872068964571073,64.053,2.00988840160514,6112.27,0.5672999999999999,False,True,False
ZAF,2016,0.6186571294088061,0.30986551671438783,0.03738989408813654,64.749,0.940521897823675,5651.21,0.5586,False,True,False
ZAF,2017,0.2689607416402259,0.2713799994619493,0.04037576269982351,65.422,0.653837462693277,6618.34,0.5354,False,True,False
ZAF,2018,0.5039647855295728,0.5913801777999811,0.024087471588152002,65.726,1.68236992028419,6914.18,0.5449,False,True,False
ZAF,2019,0.614774016919214,0.4500286291274547,0.028134757156303043,66.071,1.64957495527878,6533.71,0.539,False,True,False
ZAF,2020,0.3381009203048551,0.2989887279843903,0.011595206201218025,65.15,1.62216431400652,5580.6,0.5075999999999999,False,True,False
ZAF,2021,0.3577446877346437,0.3755361134872415,0.04746529292477785,62.01,1.54055743832642,6828.76,0.5616,False,True,False
ZAF,2022,0.4882622882417653,0.5354119690551162,0.01540618395235545,65.454,1.41397227960081,6534.25,0.6495000000000001,False,True,False
ZAF,2023,0.4817288576574705,0.4020588608500806,0.047293260559296384,66.139,1.32810094082844,6034.27,0.6568,False,True,False
